Stations_id;Bezugszeitraum;Datenquelle;Jan.;Feb.;März;Apr.;Mai;Jun.;Jul.;Aug.;Sept.;Okt.;Nov.;Dez.;Jahr;
         1;1961-1990;        44;      -1.4;         0;       3.7;       7.8;      12.2;      15.7;      17.7;      16.7;      13.5;       8.4;       3.1;       -.5;       8.1;
         3;1961-1990;        51;       2.4;       2.8;       5.4;       8.4;      12.8;      15.6;      17.3;      17.1;      14.4;      10.8;       6.1;       3.4;       9.7;
        44;1961-1990;        42;        .9;       1.2;       4.1;       7.4;      12.1;      15.2;      16.5;      16.4;      13.5;       9.6;       5.1;         2;       8.7;
        52;1961-1990;        42;        .1;        .5;       3.3;       6.8;      11.6;        15;      16.2;        16;      13.1;       9.3;       4.7;       1.3;       8.2;
        61;1961-1990;        46;      -2.4;       -.4;       3.7;       8.3;      13.1;      16.1;      17.8;      17.2;      13.6;       8.4;       3.1;       -.7;       8.2;
        70;1961-1990;        42;      -2.4;      -1.3;       1.8;       5.8;      10.3;      13.5;      15.6;      14.8;      11.7;       7.1;       1.7;      -1.7;       6.4;
        71;1961-1990;        42;      -1.4;         0;       2.9;       6.4;      10.8;      13.9;      16.2;      15.5;      12.5;       8.2;       2.9;       -.3;       7.3;
        72;1961-1990;        42;        -2;      -1.1;       1.8;       5.3;       9.9;      13.1;      15.1;      14.4;      11.5;       7.3;       2.1;        -1;       6.4;
        73;1961-1990;        51;      -2.5;       -.6;       3.3;       7.8;      12.7;      15.7;      17.2;      16.5;      13.1;       8.1;         3;       -.9;       7.8;
        78;1961-1990;        51;        .8;       1.1;       3.9;       7.3;        12;      15.1;      16.5;      16.2;        13;       9.2;       4.9;       1.9;       8.5;
        91;1961-1990;        42;       -.7;         0;       3.2;       6.8;      11.4;      14.6;      16.3;      15.8;      12.7;       8.5;       3.5;        .5;       7.7;
        93;1961-1990;        46;       -.5;        .3;       3.7;       7.4;        12;      15.1;      16.8;      16.3;      13.1;       8.7;       3.8;        .7;       8.1;
        96;1961-1990;        42;       -.8;        .1;       3.1;       7.5;      12.8;      16.2;      17.5;      17.2;      13.6;       9.3;       4.5;        .9;       8.5;
        98;1961-1990;        46;      -1.8;      -1.4;       1.3;       4.8;       9.4;      12.5;        14;      13.9;        11;       7.1;       2.1;       -.7;         6;
       106;1961-1990;        42;      -1.9;      -1.5;       1.2;       4.5;       9.8;      13.1;      14.5;      13.9;      11.1;       7.3;       2.4;       -.6;       6.2;
       116;1961-1990;        42;       -.4;        .5;         4;       8.2;      13.1;      16.4;      18.1;      17.6;      14.2;       9.2;       4.2;         1;       8.8;
       125;1961-1990;        46;      -1.5;       -.6;       2.6;       6.3;      10.9;      14.1;      16.2;      15.6;      12.7;       8.2;       2.9;       -.6;       7.2;
       129;1961-1990;        46;       -.9;       -.2;       2.8;       6.8;        12;      15.5;      16.9;      16.8;      13.4;       9.1;       4.3;        .8;       8.1;
       131;1961-1990;        46;      -1.1;       -.2;       3.2;       7.2;      12.3;      15.6;      17.1;      16.8;      13.5;       9.1;       3.9;        .4;       8.1;
       132;1961-1990;        44;      -3.9;      -2.8;        .7;       5.2;       9.9;      13.3;        15;      14.5;      11.6;       6.8;       1.2;      -2.4;       5.8;
       142;1961-1990;        51;      -2.1;       -.6;         3;       7.1;      11.8;      14.9;      16.7;      16.1;      12.8;       7.9;       2.8;       -.8;       7.5;
       150;1961-1990;        51;        .6;       1.6;       5.3;       8.9;      13.6;      16.5;      18.3;      17.8;      14.3;       9.5;       4.6;       1.8;       9.4;
       151;1961-1990;        51;      -2.2;       -.7;       3.3;       7.6;      12.4;      15.8;      17.4;      16.7;        13;       7.9;       2.7;       -.7;       7.8;
       154;1961-1990;        46;      -1.9;       -.3;       3.4;       7.5;      12.2;      15.3;      17.1;      16.4;      13.3;       8.4;         3;       -.7;       7.8;
       161;1961-1990;        42;       1.4;       2.3;       5.5;       9.2;      13.7;      16.7;      18.3;      17.8;      14.7;      10.3;       5.2;       2.4;       9.8;
       164;1961-1990;        51;      -1.2;       -.3;         3;       7.4;      12.7;      16.2;      17.5;      17.1;      13.4;         9;       4.2;        .6;       8.3;
       167;1961-1990;        46;       -.7;       -.2;       2.7;       6.6;      11.8;      15.5;      16.9;      16.7;      13.4;       9.3;       4.4;       1.1;       8.1;
       169;1961-1990;        42;      -2.2;      -1.6;       1.7;       5.6;      10.5;      13.8;      15.2;      15.1;      12.1;       8.1;       2.4;       -.9;       6.6;
       172;1961-1990;        42;      -1.5;       -.6;       2.1;       5.9;      10.6;      13.3;      14.8;      14.9;      11.7;         8;       3.1;       -.3;       6.8;
       174;1961-1990;        46;        .4;       1.5;       4.7;       8.4;      12.9;      16.1;        18;      17.2;      14.1;       9.5;       4.3;       1.4;       9.1;
       175;1961-1990;        42;      -1.1;        .2;       3.6;       7.7;      12.6;        16;      17.9;      17.1;      13.6;       8.7;       3.4;        .1;       8.3;
       176;1961-1990;        42;      -1.8;       -.5;       2.9;         7;      11.6;      14.7;      16.5;        16;      12.8;       8.2;       2.8;       -.5;       7.5;
       177;1961-1990;        46;      -1.3;         0;       3.4;       7.6;      12.3;      15.6;      17.4;      16.7;      13.4;       8.5;       3.3;       -.1;       8.1;
       183;1961-1990;        42;        .2;        .2;       2.1;         5;       9.7;      14.1;      16.2;      16.5;      13.6;       9.9;       5.3;         2;       7.9;
       184;1961-1990;        46;       -.5;        .4;       3.7;       7.7;        13;      16.4;      17.6;      17.3;      13.7;       9.3;       4.5;       1.1;       8.7;
       185;1961-1990;        46;        .5;        .7;         3;       6.4;      11.1;      14.8;      16.1;      16.1;      13.2;       9.6;       5.2;         2;       8.2;
       186;1961-1990;        51;        .7;       1.2;       3.9;       7.1;      11.7;      14.5;        16;      15.5;      12.7;         9;       4.6;       1.8;       8.2;
       191;1961-1990;        42;       -.3;        .9;       4.3;       8.3;      12.5;      15.9;      17.7;      17.2;      13.7;       9.4;       3.9;        .8;       8.7;
       193;1961-1990;        42;       -.2;        .2;       3.2;       6.7;      11.3;      14.7;      16.2;      15.7;      12.7;       8.7;         4;        .9;       7.8;
       198;1961-1990;        51;       -.8;        .1;       3.7;       7.9;      12.9;      16.2;      17.8;      17.5;        14;       9.3;         4;        .6;       8.6;
       202;1961-1990;        46;        .7;       1.8;       5.2;       9.1;      13.7;      16.9;      18.6;      17.9;      14.5;       9.8;       4.8;       1.8;       9.6;
       207;1961-1990;        46;         0;        .6;       3.9;         8;        13;      16.3;      17.7;      17.3;      13.9;       9.5;       4.6;       1.4;       8.8;
       211;1961-1990;        42;         0;        .7;         4;       7.8;      12.3;      15.6;      16.9;      16.4;      13.1;       8.5;       3.9;       1.1;       8.4;
       217;1961-1990;        51;      -1.5;       -.3;       2.9;       6.7;      11.3;      14.3;      16.4;      15.8;        13;       8.4;       3.1;       -.4;       7.5;
       221;1961-1990;        42;        -2;       -.3;       3.3;       7.5;      12.2;      15.4;      17.2;      16.4;      13.3;       8.3;       3.1;       -.9;       7.8;
       222;1961-1990;        42;       -.8;       -.1;       3.3;         7;      11.9;      15.1;      16.6;      16.3;      13.1;       9.1;         4;        .7;         8;
       231;1961-1990;        42;       -.9;        .5;       4.3;       8.1;      12.7;      15.8;      17.7;        17;      13.8;         9;       3.6;        .2;       8.5;
       232;1961-1990;        51;      -1.4;       -.1;       3.5;       7.5;      12.1;      15.3;      17.2;      16.5;      13.3;       8.4;       3.1;       -.3;         8;
       243;1961-1990;        51;        .8;       1.2;       3.6;       6.9;      11.4;      14.5;      15.9;      15.8;      13.1;       9.5;       5.1;       2.1;       8.4;
       257;1961-1990;        51;        .9;       2.3;       5.4;       8.8;      13.1;      16.3;      18.3;      17.6;      14.5;       9.9;       4.9;       2.1;       9.5;
       259;1961-1990;        51;       1.2;       2.3;       5.7;       9.2;      13.2;      16.6;      18.8;      18.1;      14.8;      10.3;       5.1;       2.1;       9.8;
       268;1961-1990;        42;       -.8;        .1;       2.5;       5.8;      10.4;      13.8;      15.7;        15;      12.2;       8.2;       3.1;        .2;       7.2;
       273;1961-1990;        42;       -.7;        .6;         4;       8.2;      12.7;        16;      18.2;      17.1;        14;       9.2;       3.6;        .1;       8.6;
       282;1961-1990;        51;      -1.1;        .4;       3.7;         8;      12.7;      16.1;      17.6;      16.9;      13.3;       8.5;       3.5;        .4;       8.4;
       283;1961-1990;        46;      -1.3;         0;       3.5;       7.6;      12.4;      15.7;      17.3;      16.5;      13.2;       8.4;       3.4;        .2;       8.1;
       284;1961-1990;        46;      -1.3;       -.1;       3.4;       7.6;      12.4;      15.6;      17.3;      16.5;      13.1;       8.4;       3.3;        .2;         8;
       288;1961-1990;        46;       -.8;       -.1;       2.8;       6.7;        12;      15.6;      17.1;      16.9;      13.5;       9.3;       4.5;         1;       8.2;
       294;1961-1990;        46;        .1;        .7;       3.5;       7.3;        12;      14.9;      16.4;      16.3;      13.1;       9.3;       4.4;       1.3;       8.3;
       298;1961-1990;        42;       -.4;         0;       2.5;       6.2;      11.2;      14.9;      16.4;      16.3;      13.1;       9.2;       4.7;       1.4;         8;
       303;1961-1990;        42;       -.8;        .3;       3.5;       7.3;      12.8;      16.3;      17.6;      17.3;      13.6;       9.3;       4.4;        .8;       8.5;
       314;1961-1990;        51;       -.7;        .4;       3.7;       7.9;      12.9;      16.4;      17.9;      17.4;      14.3;       9.9;       4.6;        .9;       8.8;
       320;1961-1990;        51;      -1.7;       -.3;       3.2;       7.3;      12.1;      15.5;        17;      16.2;      12.9;       8.2;       3.2;         0;       7.8;
       321;1961-1990;        42;        -2;      -1.3;       1.9;         6;      10.5;      13.6;      15.7;        15;      12.3;       7.9;       2.3;       -.9;       6.8;
       326;1961-1990;        46;       1.2;       1.8;       4.5;       8.1;      12.6;      15.6;      17.1;      16.8;      13.8;       9.9;       5.2;       2.4;       9.1;
       327;1961-1990;        42;        .4;        .9;       3.7;         7;      12.1;        15;      16.4;      16.2;      13.3;       9.5;         5;         2;       8.5;
       330;1961-1990;        51;       -.8;        .4;       3.7;       7.5;      11.9;      14.9;      16.8;      16.4;      13.3;       8.9;       3.3;        .3;         8;
       335;1961-1990;        46;        .6;         1;       3.2;       6.4;      11.1;      14.9;      16.4;      16.3;      13.5;       9.9;       5.4;       2.2;       8.4;
       342;1961-1990;        42;        .9;       1.4;       4.1;       7.7;      12.3;      15.4;      16.8;      16.5;      13.5;       9.7;         5;       2.1;       8.8;
       348;1961-1990;        42;       1.6;       2.7;       5.5;         9;      13.4;      16.6;      17.9;      17.7;      14.6;      10.5;       5.5;       2.6;       9.8;
       355;1961-1990;        42;       1.1;       2.5;       5.9;       9.7;      14.3;      17.4;      19.1;      18.6;      15.4;      10.5;       5.3;       2.3;      10.2;
       361;1961-1990;        42;      -2.3;       -.8;       2.6;       6.9;      11.7;      14.7;      16.3;      15.7;      12.7;       7.9;       2.5;      -1.5;       7.2;
       365;1961-1990;        46;      -1.9;       -.6;         3;       7.2;        12;      15.3;        17;      16.2;      12.9;       8.1;       2.9;       -.5;       7.6;
       368;1961-1990;        46;        .3;        .9;       3.7;       7.5;      12.5;      15.6;      16.9;      16.6;      13.3;       9.4;       4.8;       1.7;       8.6;
       377;1961-1990;        51;        .9;       2.1;       5.4;       9.4;      13.8;        17;        19;      18.2;      14.9;        10;       4.9;       1.9;       9.8;
       379;1961-1990;        51;        -1;       -.2;         3;       7.2;        12;      15.1;      16.6;        16;      12.9;       8.6;       3.6;        .3;       7.9;
       386;1961-1990;        42;      -1.1;       -.5;       2.4;       5.9;      10.6;        14;      15.4;      14.7;      11.6;       7.8;         3;         0;         7;
       390;1961-1990;        42;      -1.9;      -1.2;       1.4;       5.1;       9.7;      12.9;      14.4;      14.2;      11.5;       7.2;       2.1;       -.8;       6.2;
       395;1961-1990;        46;       -.7;        .3;       3.8;       8.2;      13.4;        17;      18.1;      17.6;      13.8;       9.3;       4.5;         1;       8.9;
       399;1961-1990;        42;        .3;       1.3;       4.7;       9.1;      14.5;      17.5;      19.2;      18.8;        15;      10.4;       5.4;       1.8;       9.8;
       400;1961-1990;        51;       -.7;        .3;       3.7;       8.1;      13.3;      16.6;      17.9;      17.5;      13.7;       9.3;       4.5;         1;       8.8;
       402;1961-1990;        46;       -.4;        .6;         4;       8.4;      13.5;      16.8;        18;      17.3;      13.6;       9.4;       4.6;       1.2;       8.9;
       403;1961-1990;        51;       -.6;        .4;       3.9;       8.3;      13.4;      16.8;        18;      17.3;      13.5;       9.3;       4.5;         1;       8.8;
       405;1961-1990;        46;       -.6;        .4;       3.9;       8.3;      13.6;      17.1;      18.4;      17.8;      14.1;       9.5;       4.6;       1.1;         9;
       407;1961-1990;        46;       -.6;        .2;       3.6;       7.9;      13.2;      16.5;      17.7;      17.2;      13.4;       9.3;       4.5;         1;       8.7;
       408;1961-1990;        46;       -.3;        .8;       4.2;       8.6;      13.8;      17.3;      18.5;      18.1;      14.4;       9.9;       4.9;       1.4;       9.3;
       410;1961-1990;        46;       -.6;        .4;       3.9;       8.3;      13.6;        17;      18.3;      17.8;        14;       9.6;       4.6;         1;         9;
       416;1961-1990;        42;       -.6;        .4;       3.8;       8.3;      13.6;      17.1;      18.3;      17.6;      13.8;       9.2;       4.5;         1;       8.9;
       417;1961-1990;        46;       -.4;        .6;       4.1;       8.4;      13.6;        17;      18.2;      17.6;      13.8;       9.4;       4.6;       1.1;         9;
       420;1961-1990;        46;       -.4;        .6;         4;       8.4;      13.7;      17.1;      18.4;      17.9;      14.3;       9.7;       4.8;       1.2;       9.1;
       422;1961-1990;        46;       -.2;        .8;       4.3;       8.6;      13.9;      17.4;      18.6;      18.2;      14.4;       9.9;         5;       1.5;       9.4;
       424;1961-1990;        42;         0;         1;       4.4;       8.9;      14.3;      17.8;      19.2;      18.7;        15;      10.2;       5.2;       1.7;       9.7;
       425;1961-1990;        46;       -.7;        .3;       3.8;       8.3;      13.5;        17;      18.2;      17.6;      13.8;       9.3;       4.5;        .9;       8.9;
       427;1961-1990;        51;        -1;         0;       3.7;       8.2;      13.5;      16.9;      18.3;      17.9;      14.2;       9.5;       4.3;        .7;       8.8;
       429;1961-1990;        46;       -.5;        .5;       3.9;       8.3;      13.6;      16.9;      18.2;      17.7;      13.9;       9.5;       4.7;       1.1;         9;
       430;1961-1990;        51;       -.2;        .8;       4.1;       8.5;      13.9;      17.2;      18.5;        18;      14.2;       9.8;       4.8;       1.4;       9.2;
       432;1961-1990;        42;       -.8;         0;       3.4;       7.7;        13;      16.4;      17.6;      16.9;      13.3;       9.1;       4.4;         1;       8.5;
       433;1961-1990;        51;       -.2;        .9;       4.3;       8.7;        14;      17.5;      18.9;      18.5;      14.6;        10;         5;       1.4;       9.5;
       434;1961-1990;        42;       -.4;        .7;       4.1;       8.5;      13.6;        17;      18.4;      17.7;        14;       9.6;       4.7;       1.3;       9.1;
       435;1961-1990;        51;       -.1;        .7;         4;       8.2;      13.7;      16.9;      18.3;      17.6;      13.8;       9.5;       4.6;       1.6;         9;
       445;1961-1990;        42;        .1;        .8;       4.3;       8.4;      13.6;      16.8;      18.3;      17.8;      14.4;       9.9;       4.9;       1.5;       9.2;
       450;1961-1990;        51;       1.9;       2.8;       5.9;       9.4;      13.8;      16.9;      18.6;        18;      14.8;      10.5;       5.7;       2.9;      10.1;
       458;1961-1990;        42;        .2;        .9;       3.9;       7.4;      11.9;      15.2;      16.8;      15.9;      12.6;       8.2;       3.7;       1.1;       8.2;
       460;1961-1990;        51;        .2;       1.4;       4.6;       8.1;      12.2;      15.3;      17.3;      16.9;      13.9;       9.4;       4.1;       1.2;       8.7;
       474;1961-1990;        44;      -1.4;       -.3;       3.4;       7.4;      11.9;      15.4;      17.3;      16.4;      13.4;       8.5;       3.3;       -.4;       7.9;
       480;1961-1990;        51;       -.6;        .2;       3.2;       6.9;      11.5;      14.7;      16.3;      15.6;      12.4;       8.3;       3.5;        .6;       7.7;
       502;1961-1990;        42;      -1.3;       -.4;         3;         7;      11.5;      14.6;      16.3;      15.9;      12.7;       8.1;         3;         0;       7.5;
       524;1961-1990;        42;        .7;       1.6;         5;       9.2;      14.5;      17.8;      19.2;      18.9;      15.3;      10.7;       5.5;         2;        10;
       526;1961-1990;        46;       -.7;        .4;       3.6;       7.7;      12.5;      15.7;      17.4;      16.8;      13.4;       8.9;         4;        .6;       8.4;
       535;1961-1990;        51;       -.4;        .5;       3.3;       6.8;      11.2;      14.3;      16.1;      15.7;      12.9;       8.7;       3.6;        .6;       7.8;
       550;1961-1990;        46;      -1.1;       -.3;       2.9;       6.9;      11.8;      15.2;      16.6;      16.1;        13;       8.7;       3.6;        .3;       7.8;
       553;1961-1990;        42;       2.1;       2.7;       5.3;       8.7;      13.3;      16.3;      17.8;      17.5;      14.5;      10.7;         6;       3.2;       9.9;
       554;1961-1990;        42;       1.9;       2.4;         5;       8.2;      12.7;      15.7;      17.2;      16.8;      13.9;      10.3;       5.7;       2.9;       9.4;
       555;1961-1990;        42;       2.8;       3.4;       5.8;       9.3;      13.9;      16.8;      18.4;      18.1;      15.1;      11.5;       6.5;       3.8;      10.5;
       576;1961-1990;        46;       -.4;        .8;       3.9;       7.6;      12.1;      15.3;      17.3;      16.6;      13.5;         9;       3.7;        .6;       8.3;
       578;1961-1990;        42;        -2;       -.6;         3;       7.4;        12;      15.1;      16.8;      15.9;      12.7;       7.8;       3.1;       -.4;       7.6;
       588;1961-1990;        46;        .6;       1.4;       4.4;       8.1;      12.8;      15.8;      17.3;      16.9;      13.8;       9.7;         5;       1.9;         9;
       591;1961-1990;        51;       -.3;        .4;       3.3;       7.2;      12.3;      15.5;      16.8;      16.7;      13.5;       9.4;       4.6;       1.3;       8.3;
       592;1961-1990;        46;        .1;        .6;       3.3;       6.8;      11.6;      14.9;      16.1;        16;        13;       9.2;       4.8;       1.5;       8.2;
       596;1961-1990;        51;         0;        .5;       3.1;       6.3;        11;      14.7;      16.4;      16.4;      13.6;       9.7;       5.1;       1.7;       8.2;
       598;1961-1990;        46;       2.3;         3;       5.9;       9.3;      13.7;      16.7;      18.3;      17.9;      14.8;      10.8;       6.1;       3.3;      10.2;
       599;1961-1990;        42;       2.3;       3.2;         6;       9.4;      13.5;      16.8;      18.3;      17.9;        15;      10.8;       6.2;       3.2;      10.2;
       601;1961-1990;        46;       1.7;       2.4;       5.4;       8.6;        13;      16.1;      17.7;      17.3;      14.3;      10.4;       5.6;       2.8;       9.6;
       603;1961-1990;        42;       1.5;       2.2;       4.9;       8.4;      12.9;      16.2;      17.8;      17.3;      14.3;      10.2;       5.4;       2.6;       9.5;
       606;1961-1990;        46;      -1.5;       -.2;       3.2;       7.1;      11.8;      15.1;      17.1;      16.2;      13.1;       8.4;         3;       -.5;       7.7;
       614;1961-1990;        42;       -.2;        .6;       3.7;       7.5;      12.1;      15.1;      16.5;      16.4;      13.3;       9.2;       4.1;         1;       8.3;
       617;1961-1990;        46;         2;       2.6;       5.3;       8.7;      13.2;      16.1;      17.6;      17.3;      14.3;      10.6;       5.8;       3.1;       9.7;
       619;1961-1990;        51;       1.7;       1.9;         4;       7.1;      11.5;      14.7;      16.4;      16.9;      14.5;      10.9;       6.4;       3.2;       9.1;
       634;1961-1990;        42;       -.9;        .4;       3.8;       7.8;      12.2;      15.3;      17.2;      16.9;      13.6;       8.9;       3.5;        .3;       8.3;
       642;1961-1990;        42;         1;       1.5;         4;       7.4;      12.1;      15.2;      16.5;      16.4;      13.6;        10;       5.4;       2.3;       8.8;
       643;1961-1990;        46;         1;       1.5;         4;       7.4;      12.1;      15.2;      16.6;      16.5;      13.6;       9.9;       5.3;       2.3;       8.8;
       645;1961-1990;        46;        .9;       1.4;         4;       7.5;      12.1;      15.1;      16.5;      16.4;      13.3;       9.5;         5;       2.1;       8.6;
       648;1961-1990;        51;        .3;        .7;       3.3;       6.5;      11.5;      14.7;        16;      15.9;      12.8;       9.1;       4.8;       1.8;       8.1;
       650;1961-1990;        42;       -.3;        .4;       3.7;       7.8;      13.2;      16.6;      17.9;      17.3;      13.7;       9.5;       4.7;       1.3;       8.8;
       652;1961-1990;        46;      -1.3;       -.1;       3.4;       7.5;      12.2;      15.4;      17.2;      16.5;      13.2;       8.4;       3.3;        .1;         8;
       656;1961-1990;        51;      -2.7;      -2.3;        .3;       4.3;       9.4;      12.2;      13.7;      13.5;      10.6;       6.8;       1.6;      -1.6;       5.5;
       657;1961-1990;        42;        -2;      -1.7;         1;       4.8;       9.7;      12.9;      14.4;      14.5;      11.2;       7.4;       2.3;        -1;       6.1;
       660;1961-1990;        46;        .4;         1;         4;       7.9;      12.8;      15.9;      17.3;      17.1;      13.9;       9.8;       4.9;       1.7;       8.9;
       661;1961-1990;        46;        .5;         1;       4.1;       7.9;      12.8;        16;      17.3;      17.2;      13.9;       9.8;       4.9;       1.8;       8.9;
       662;1961-1990;        51;        .4;         1;         4;       7.9;      12.7;      15.8;      17.1;        17;      13.9;       9.8;       4.9;       1.7;       8.9;
       685;1961-1990;        46;      -1.9;        -1;       2.2;         6;      10.6;      13.8;      15.4;        15;      11.9;       7.6;       2.5;       -.5;       6.8;
       691;1961-1990;        51;        .8;       1.4;         4;       7.6;      12.4;      15.5;      16.7;      16.6;      13.6;       9.7;       5.1;       2.1;       8.8;
       699;1961-1990;        46;        .9;       1.4;       4.1;       7.7;      12.5;      15.6;      16.9;      16.7;      13.6;       9.8;       5.2;       2.2;       8.9;
       701;1961-1990;        51;        .9;       1.4;       4.1;       7.5;      12.4;      15.4;      16.8;      16.9;        14;      10.1;       5.4;       2.3;         9;
       702;1961-1990;        46;        .9;       1.5;         4;       7.4;      12.1;      15.3;      16.7;      16.7;        14;      10.1;       5.5;       2.3;       8.9;
       703;1961-1990;        42;        .5;       1.1;       3.7;       7.2;      12.1;      15.1;      16.4;      16.1;      13.1;       9.4;       4.9;       1.8;       8.4;
       704;1961-1990;        42;        .7;       1.2;       3.6;       7.1;        12;      15.1;      16.5;      16.3;      13.2;       9.5;         5;       1.9;       8.5;
       705;1961-1990;        42;        .7;       1.2;       3.7;       7.1;      12.1;      15.2;      16.4;      16.2;      13.2;       9.4;         5;       1.8;       8.5;
       706;1961-1990;        42;         1;       2.4;       5.8;       9.5;      13.8;      17.3;      19.4;      18.5;      15.3;      10.4;       5.2;         2;      10.1;
       710;1961-1990;        42;        .8;       2.2;       5.3;       9.1;      13.5;      16.6;      18.4;      17.7;      14.6;       9.9;       4.9;       1.9;       9.6;
       717;1961-1990;        51;       -.5;         0;       2.5;       6.1;      10.6;      13.6;      15.2;        15;      12.2;       8.5;       3.6;        .6;       7.3;
       722;1961-1990;        51;      -4.2;      -4.2;      -2.4;        .9;       5.7;       8.8;      10.3;      10.5;       7.7;       4.7;       -.5;        -3;       2.8;
       727;1961-1990;        42;       -.1;        .8;       4.3;         8;      12.3;      15.7;      17.4;      16.8;      13.7;       9.1;       4.3;         1;       8.6;
       729;1961-1990;        42;      -2.6;      -1.7;       1.2;       5.3;      10.2;      13.4;      15.1;      14.4;      11.3;       7.2;       1.9;       -.9;       6.3;
       736;1961-1990;        51;       -.5;        .3;         3;       6.4;      10.7;        14;      15.6;      14.9;      11.6;       7.8;       3.1;        .5;       7.3;
       755;1961-1990;        51;        -1;        .1;       3.5;       7.4;      11.9;      15.2;        17;      16.4;        13;       8.3;       3.3;        .2;         8;
       757;1961-1990;        46;        .4;       1.5;       4.5;       8.1;      12.4;      15.7;      17.7;      17.1;      14.2;       9.6;       4.3;       1.4;       8.9;
       760;1961-1990;        42;       -.3;        .2;         3;       6.5;      11.4;      14.5;      15.9;      15.4;      12.6;       8.8;       4.3;       1.1;       7.8;
       766;1961-1990;        46;       -.5;        .2;       3.1;       6.6;      11.1;      14.1;      15.8;      15.4;      12.4;       8.4;       3.3;        .5;       7.5;
       769;1961-1990;        42;       1.4;       1.7;       4.4;       8.1;      12.7;      15.7;      17.2;      17.1;        14;      10.2;       5.5;       2.3;       9.2;
       771;1961-1990;        46;        .4;       1.5;       4.9;       8.7;      13.4;      16.5;      18.2;      17.5;      14.3;       9.6;       4.7;       1.6;       9.3;
       772;1961-1990;        42;       1.3;       2.8;       6.2;       9.8;      13.8;      17.1;      19.1;      18.4;      15.5;      10.3;       5.5;       2.1;      10.2;
       773;1961-1990;        42;        .4;       1.1;       4.9;       8.5;      13.1;      15.9;      18.3;      17.5;      14.6;        10;       4.7;       1.6;       9.2;
       793;1961-1990;        46;       -.9;       -.1;       2.7;       6.1;      10.5;      13.7;      15.4;      14.8;      11.6;       7.8;         3;        .1;       7.1;
       807;1961-1990;        44;      -1.4;         0;       3.4;       7.6;      12.3;      15.8;      17.5;      16.8;      13.3;       8.3;       3.3;         0;       8.1;
       817;1961-1990;        51;       -.9;       -.1;       3.2;       6.9;      11.6;      14.9;      16.5;      15.9;      12.4;       8.1;       3.3;        .4;       7.7;
       829;1961-1990;        42;        -1;         0;       3.1;       6.9;      11.5;      14.4;      16.3;      16.2;        13;       8.6;       3.1;        .1;       7.7;
       840;1961-1990;        42;      -3.6;      -3.8;       -.8;       3.3;       8.1;      11.3;      12.8;      12.5;       9.8;       5.6;        .4;      -2.7;       4.4;
       848;1961-1990;        46;        .4;         1;         4;       7.9;      12.9;        16;      17.4;      17.1;      13.6;       9.5;       4.9;       1.7;       8.9;
       850;1961-1990;        42;        .6;       1.1;       4.1;       7.9;      12.9;        16;      17.5;      17.1;      13.6;       9.6;       4.9;       1.6;       8.9;
       851;1961-1990;        51;      -2.2;       -.5;       3.3;       7.7;      12.5;      15.7;      17.4;      16.7;      13.3;       8.3;       2.9;       -.7;       7.9;
       853;1961-1990;        51;      -1.2;       -.3;       2.8;         7;        12;      15.1;      16.7;      16.5;      13.4;       9.1;       3.7;        .3;       7.9;
       856;1961-1990;        42;      -1.2;        .2;       3.6;       7.6;      12.1;      15.3;      17.5;      16.7;      13.7;         9;       1.6;       -.4;         8;
       863;1961-1990;        51;        -2;      -1.5;        .9;       4.7;       9.8;      12.7;      14.1;      13.9;      11.1;       7.3;       2.2;       -.8;         6;
       865;1961-1990;        46;        .9;       1.4;         4;       7.5;      12.2;      15.2;      16.6;      16.5;      13.6;       9.7;       5.1;       2.2;       8.8;
       867;1961-1990;        51;      -1.4;         0;       3.4;       7.7;      12.5;      15.6;      17.2;      16.6;      13.4;       8.7;       3.3;         0;       8.1;
       876;1961-1990;        42;      -1.2;       -.4;       2.8;         7;        12;      15.3;        17;      16.9;      13.6;       9.2;       3.7;        .2;         8;
       879;1961-1990;        46;       -.8;        .4;       3.8;       8.2;      13.5;      16.9;      18.4;      17.7;        14;       9.5;       4.6;        .9;       8.9;
       880;1961-1990;        51;       -.8;        .3;       3.8;       8.2;      13.5;      16.9;      18.4;      17.7;        14;       9.5;       4.6;        .9;       8.9;
       881;1961-1990;        51;      -1.2;       -.1;       3.1;       7.3;        12;      15.4;      17.2;      16.5;        13;       8.3;       3.1;         0;       7.9;
       888;1961-1990;        46;       -.9;         0;       3.5;       7.5;      12.4;      15.7;      17.3;        17;      13.6;       9.2;         4;        .5;       8.3;
       891;1961-1990;        51;       1.1;       1.5;       3.8;         7;      11.8;        15;      16.6;      16.9;      14.3;      10.4;       5.8;       2.6;       8.9;
       896;1961-1990;        46;       -.4;        .3;       3.7;       7.9;      12.8;      16.2;      17.7;      17.2;      13.8;       9.3;       4.1;        .9;       8.6;
       917;1961-1990;        46;        .7;       1.9;       5.3;       9.2;      13.8;      16.9;      18.7;      18.2;      14.8;        10;       4.8;       1.9;       9.7;
       918;1961-1990;        46;        .9;       2.2;       5.6;       9.5;        14;      17.1;        19;      18.4;      15.1;      10.2;       4.9;       1.9;       9.9;
       919;1961-1990;        42;        .5;       1.6;       4.8;       8.8;      13.2;      16.4;      18.2;      17.5;      14.1;       9.4;       4.5;       1.6;       9.2;
       920;1961-1990;        42;        .9;       2.1;       5.7;       9.6;      14.1;      17.4;      19.2;      18.6;        15;      10.1;         5;         2;        10;
       927;1961-1990;        42;       -.3;        .2;         3;       6.4;      10.8;        14;      15.8;      15.1;        12;       8.5;       3.3;        .7;       7.5;
       931;1961-1990;        46;      -1.6;       -.4;       2.8;       6.4;      10.9;      14.3;      16.3;      15.6;      12.7;       8.2;       2.8;       -.6;       7.3;
       948;1961-1990;        46;       -.1;        .8;       4.2;       8.5;      13.5;      16.9;      18.4;      17.9;      14.4;       9.8;       4.8;       1.4;       9.2;
       953;1961-1990;        51;         0;        .7;       3.5;       6.8;      11.2;      14.2;      16.1;      15.8;      13.1;       9.2;         4;         1;         8;
       963;1961-1990;        51;        .8;       1.3;       4.2;       7.7;      12.5;      15.5;      16.9;      16.6;      13.4;       9.5;         5;       2.1;       8.8;
       964;1961-1990;        46;       -.3;        .4;       3.4;       6.8;      11.3;      14.4;      16.1;      15.5;      12.5;       8.4;       3.4;        .7;       7.7;
       965;1961-1990;        46;       -.1;        .9;       4.4;       8.7;      13.9;      17.4;      18.8;      18.1;      14.6;        10;         5;       1.5;       9.4;
       970;1961-1990;        42;      -1.5;       -.4;       3.1;       7.2;      11.8;      15.1;      16.9;      16.4;        13;         8;       3.1;       -.3;       7.7;
       979;1961-1990;        51;       -.5;        .3;       3.3;       7.1;      11.9;      15.1;      16.7;      15.9;      12.6;       8.3;       3.6;        .6;       7.9;
       982;1961-1990;        51;      -1.2;        .3;       4.1;       8.3;      12.9;      16.1;        18;      17.2;      13.5;       8.5;       3.2;        .1;       8.4;
       983;1961-1990;        46;      -1.3;        .1;         4;       8.2;      12.7;        16;      17.8;        17;      13.6;       8.7;       3.4;       -.1;       8.3;
       998;1961-1990;        42;       -.6;       -.1;       2.6;       6.1;      10.5;      13.6;      15.8;      15.4;      12.7;       8.6;       3.4;        .4;       7.4;
      1000;1961-1990;        46;        .1;        .5;         3;       6.5;      11.5;      15.1;      16.7;      16.6;      13.6;       9.7;         5;       1.7;       8.3;
      1001;1961-1990;        51;      -1.1;       -.2;       3.4;       7.6;      12.8;      16.3;      17.8;      17.3;      13.7;       9.1;       4.2;        .5;       8.5;
      1003;1961-1990;        42;       -.4;        .4;       3.9;         8;      12.9;      16.2;        18;      17.3;      14.1;       9.7;       4.5;       1.1;       8.8;
      1006;1961-1990;        46;       -.1;        .6;       3.6;       7.5;      12.6;      15.9;      17.2;      16.9;      13.5;       9.4;       4.7;       1.5;       8.6;
      1018;1961-1990;        51;        -2;       -.7;       2.4;       6.2;      10.8;      14.3;      16.5;      15.5;      12.2;       7.7;       2.3;        -1;         7;
      1032;1961-1990;        51;         2;       2.5;       5.2;       8.6;      13.1;      16.1;      17.7;      17.4;      14.5;      10.7;       5.9;       3.1;       9.7;
      1047;1961-1990;        46;       -.3;        .8;       4.3;       8.6;      13.6;      16.9;      18.6;      18.1;      14.6;        10;       4.8;       1.3;       9.3;
      1048;1961-1990;        51;       -.9;        .2;       3.7;       7.9;        13;      16.1;      17.8;      17.4;        14;       9.6;       4.3;        .8;       8.7;
      1050;1961-1990;        51;       -.2;         1;       4.4;       8.4;      13.2;      16.7;      18.2;      17.6;      14.3;        10;         5;       1.6;       9.2;
      1051;1961-1990;        42;       -.5;       1.1;       4.5;       8.5;        14;        17;      18.5;      17.8;      14.3;       9.9;       5.1;       1.5;       9.3;
      1052;1961-1990;        46;       -.4;        .4;       3.7;       7.9;        13;      16.4;      17.8;      17.3;      13.8;       9.5;       4.6;       1.1;       8.8;
      1053;1961-1990;        42;        .1;        .6;       3.6;       7.4;        12;      15.2;      16.6;      16.2;      13.1;       9.2;       4.5;       1.5;       8.3;
      1066;1961-1990;        42;       -.3;        .4;       3.6;       7.5;      12.2;      15.2;      16.7;      16.3;      13.2;         9;       4.4;       1.2;       8.3;
      1072;1961-1990;        42;        .9;         2;       5.3;         9;      13.6;      16.8;      18.7;      17.9;      14.8;        10;       4.9;       2.1;       9.7;
      1073;1961-1990;        46;       1.3;       2.4;       5.8;       9.7;      14.2;      17.4;      19.2;      18.6;      15.1;      10.2;       5.3;       2.4;      10.1;
      1074;1961-1990;        46;         0;        .9;       4.4;       8.4;      13.4;      16.7;      18.3;      17.9;      14.5;       9.8;       4.8;       1.4;       9.2;
      1076;1961-1990;        51;      -2.7;      -1.2;       2.2;       5.9;      10.5;      14.4;      16.6;      15.7;      12.3;       7.6;         2;      -1.6;       6.8;
      1078;1961-1990;        42;       2.5;       3.2;       5.8;       9.2;      13.6;      16.6;      18.2;      17.9;      15.1;      11.3;       6.4;       3.6;      10.3;
      1079;1961-1990;        42;       2.4;       3.2;       5.9;       9.3;      13.8;      16.7;      18.3;      17.9;      14.8;      11.1;       6.2;       3.5;      10.3;
      1084;1961-1990;        46;       2.6;       3.3;       5.9;       9.4;      13.9;      16.8;      18.3;        18;        15;      11.3;       6.4;       3.7;      10.4;
      1087;1961-1990;        42;       3.1;       3.7;       6.2;       9.8;      14.3;      17.3;      18.9;      18.6;      15.5;      11.9;       6.8;       4.1;      10.9;
      1091;1961-1990;        44;      -1.3;       -.4;         3;       7.3;      12.3;      15.7;      17.1;      16.5;      13.1;       8.6;       3.4;        .1;         8;
      1093;1961-1990;        44;        .5;       1.7;       4.6;       8.3;      12.8;      15.8;      17.4;      16.8;      13.6;       9.4;       4.6;       1.6;       8.9;
      1102;1961-1990;        46;        .1;       1.3;       4.7;       8.7;        13;      16.3;      18.2;      17.5;      14.2;       9.5;       4.4;       1.1;       9.1;
      1103;1961-1990;        42;        -2;       -.8;       2.8;       7.2;      11.7;      14.8;        17;      16.3;      13.2;       8.4;       2.9;      -1.2;       7.5;
      1106;1961-1990;        46;       -.7;        .2;       3.7;         8;      13.3;      16.7;        18;      17.6;      13.8;       9.4;       4.5;         1;       8.8;
      1107;1961-1990;        51;      -1.7;       -.6;       3.1;       6.9;      11.9;        15;      16.6;        16;      12.4;       7.8;         3;       -.1;       7.5;
      1130;1961-1990;        46;        .3;        .6;       2.9;       6.3;      11.2;      14.7;        16;      15.9;        13;       9.4;         5;       1.8;       8.1;
      1146;1961-1990;        46;       -.6;        .5;       3.6;       7.3;      11.7;        15;      16.9;      16.3;      13.2;       8.7;       3.6;        .5;       8.1;
      1154;1961-1990;        42;      -2.1;       -.4;       3.7;       8.1;      12.7;      15.8;      17.6;        17;      13.5;       8.6;       2.9;       -.8;         8;
      1161;1961-1990;        51;      -1.9;       -.4;       3.3;       7.5;      12.2;      15.7;      17.3;      16.5;        13;       8.1;       3.1;       -.5;       7.8;
      1169;1961-1990;        42;        .9;       2.3;       5.5;       9.2;      13.4;      16.8;      18.9;      18.3;      15.1;      10.3;       5.1;       1.9;       9.8;
      1172;1961-1990;        42;       -.1;        .6;       3.8;       8.1;      12.7;        16;      17.4;        17;      13.9;       9.5;       4.8;       1.5;       8.8;
      1182;1961-1990;        42;       -.5;        .2;       3.7;       7.9;      12.9;      16.1;      17.6;        17;      13.6;       9.1;       4.2;        .7;       8.5;
      1188;1961-1990;        42;      -1.5;       -.7;       2.6;       6.3;      10.9;      14.3;      15.9;      15.7;      12.7;       8.2;       2.8;       -.6;       7.2;
      1197;1961-1990;        51;      -1.5;       -.4;       2.9;       6.8;      11.7;      14.9;      16.8;        16;      12.8;         8;         3;       -.3;       7.6;
      1200;1961-1990;        42;        .4;        .7;       3.1;       6.4;      11.1;      14.6;      16.1;      16.1;      13.2;       9.3;       4.9;       1.9;       8.1;
      1201;1961-1990;        51;         2;       2.7;       5.6;         9;      13.5;      16.5;      18.2;      17.8;      14.6;      10.6;       5.9;       3.2;        10;
      1204;1961-1990;        42;         1;       1.6;       4.2;       7.6;      12.3;      15.5;      16.7;      16.5;      13.7;       9.9;       5.4;       2.3;       8.9;
      1207;1961-1990;        51;      -3.2;      -2.3;       1.4;       5.6;      10.7;      13.9;      15.3;      14.5;      11.2;       6.8;       1.9;      -1.7;       6.2;
      1214;1961-1990;        46;       -.6;        .4;       3.1;       6.7;      11.1;      14.4;      16.6;      15.7;      12.9;       8.6;       3.4;        .4;       7.7;
      1219;1961-1990;        42;       1.4;       1.8;       4.3;       7.5;      12.1;      15.2;      16.7;      16.8;      14.2;      10.5;       5.8;       2.8;       9.1;
      1221;1961-1990;        42;       1.3;       1.5;       4.1;       7.3;      11.8;      14.9;      16.4;      16.3;      13.7;        10;       5.6;       2.6;       8.8;
      1224;1961-1990;        42;        .8;         2;       5.4;         9;      13.2;      16.4;      18.2;      17.6;      14.4;       9.7;       4.8;       1.7;       9.4;
      1229;1961-1990;        51;       1.1;       1.8;       5.1;       8.8;      13.3;      16.5;        18;      17.4;      14.1;       9.8;       5.1;       2.1;       9.4;
      1238;1961-1990;        51;       1.3;       1.9;       4.5;       7.8;      12.2;      15.3;      16.8;      16.3;      13.2;       9.5;       5.1;       2.4;       8.9;
      1239;1961-1990;        42;      -1.2;        .2;       3.8;       7.8;      12.4;      15.6;      17.5;      16.8;      13.7;       8.7;         3;       -.1;       8.2;
      1243;1961-1990;        42;      -1.7;       -.6;       2.3;         6;      10.5;      13.6;      15.5;      14.8;      11.9;       7.8;       2.5;       -.6;       6.8;
      1246;1961-1990;        46;       1.3;       1.9;       4.6;       8.2;      12.7;      15.7;      17.2;      16.9;      13.8;       9.9;       5.3;       2.4;       9.1;
      1254;1961-1990;        51;        .3;       1.7;       5.2;         9;      13.5;      16.5;      18.4;      17.8;      14.5;       9.7;       4.6;       1.5;       9.4;
      1255;1961-1990;        46;        .4;       1.8;       5.1;       8.9;      13.3;      16.5;      18.3;      17.7;      14.3;       9.7;       4.6;       1.6;       9.4;
      1262;1961-1990;        42;      -2.2;       -.4;       3.4;       7.6;      12.2;      15.4;      17.3;      16.6;      13.4;       8.2;       2.8;       -.9;       7.8;
      1266;1961-1990;        51;        .5;        .8;       3.4;       6.4;      11.5;      14.7;      16.2;      16.1;      13.1;       9.5;       5.1;       2.1;       8.2;
      1270;1961-1990;        51;      -1.2;       -.5;       2.9;       7.1;        12;      15.2;      16.9;      16.6;      13.4;       8.8;       3.4;        .2;       7.9;
      1275;1961-1990;        42;      -2.1;       -.2;       3.7;       8.2;      12.6;      15.8;      17.4;      16.9;      13.6;       8.5;       3.1;       -.7;       8.1;
      1276;1961-1990;        42;       -.3;        .8;       4.2;       8.2;        13;      16.2;      18.4;      17.3;      14.1;       9.1;       3.8;        .7;       8.8;
      1279;1961-1990;        51;       -.8;        .5;       4.1;       8.2;        13;      16.4;      18.1;      17.5;      13.7;       8.8;       3.8;        .6;       8.7;
      1280;1961-1990;        46;       -.8;        .5;       3.9;       8.1;      12.9;      16.1;      17.9;      17.2;      13.7;       8.9;       3.9;        .6;       8.6;
      1287;1961-1990;        46;       -.4;        .6;       3.9;       7.8;      12.3;      15.5;      17.2;      16.7;      13.4;       8.9;       3.8;        .8;       8.4;
      1292;1961-1990;        42;      -2.4;       -.9;       2.7;         7;      11.8;        15;      16.5;      15.9;      12.6;       7.7;       2.4;        -1;       7.3;
      1297;1961-1990;        51;        .4;        .9;         4;       7.9;      12.3;      15.6;        17;      16.5;      13.5;       9.4;       4.6;       1.6;       8.7;
      1299;1961-1990;        42;       1.3;       1.7;       3.9;       6.9;      11.4;      14.4;      16.1;      16.1;      13.6;        10;       5.7;       2.6;       8.6;
      1300;1961-1990;        51;         0;        .6;       2.9;       6.3;        11;      14.1;      15.5;      14.9;        12;       8.3;         4;       1.2;       7.6;
      1303;1961-1990;        51;       1.9;       2.6;       5.2;       8.6;        13;      15.7;      17.4;      17.2;      14.4;      10.7;       5.8;         3;       9.6;
      1327;1961-1990;        51;       1.9;       2.4;       5.3;       8.3;      12.5;      15.7;      17.4;      17.2;      14.3;      10.4;       5.7;         3;       9.6;
      1329;1961-1990;        51;         0;        .4;         3;       6.5;      11.3;      14.9;      16.2;      16.1;      13.1;       9.3;       4.8;       1.5;       8.1;
      1332;1961-1990;        42;      -2.2;       -.2;       3.6;         8;      12.7;      15.8;      17.7;      17.1;      13.8;       8.7;       2.9;       -.7;       8.1;
      1339;1961-1990;        46;         0;        .6;       3.5;       7.3;      12.3;      15.5;      16.7;      16.4;      13.1;       9.2;       4.5;       1.4;       8.4;
      1345;1961-1990;        46;      -1.3;       -.6;       2.5;       6.6;      11.9;      15.4;      16.7;      16.4;      12.9;       8.7;       3.8;        .3;       7.8;
      1346;1961-1990;        51;      -3.4;      -3.4;      -1.8;         1;       5.3;       8.5;      10.9;      10.6;       8.4;       5.6;        .1;      -2.1;       3.3;
      1347;1961-1990;        42;      -2.9;      -2.7;        .2;       3.3;       8.3;      11.8;      14.1;      13.1;      10.2;         6;        .7;      -1.9;         5;
      1357;1961-1990;        51;      -3.3;      -2.2;       1.1;       5.2;        10;      13.3;        15;      14.5;      11.3;         7;       1.4;        -2;       5.9;
      1358;1961-1990;        51;      -4.9;      -4.6;      -2.3;       1.6;       6.7;       9.8;      11.4;      11.5;       8.5;       4.8;       -.6;      -3.7;       3.2;
      1374;1961-1990;        42;      -2.3;      -1.1;       2.5;       6.6;      11.3;      14.7;      16.3;      15.7;      12.5;       7.7;       2.5;       -.6;       7.2;
      1378;1961-1990;        42;        .6;        .7;       2.7;       6.3;      11.3;      14.9;        16;      15.9;        13;       9.6;       5.2;       2.2;       8.2;
      1379;1961-1990;        42;        .2;        .4;       2.6;       6.1;        11;      14.5;      15.7;      15.7;      12.7;       9.1;       4.8;       1.6;       7.9;
      1380;1961-1990;        46;        .4;        .6;       2.7;       6.2;      11.1;      14.6;      15.9;      15.8;      12.9;       9.4;         5;       1.8;         8;
      1392;1961-1990;        46;      -3.4;      -2.3;       1.2;       5.5;      10.4;      13.6;      15.2;      14.8;      11.7;       7.1;       1.4;        -2;       6.1;
      1403;1961-1990;        42;       -.8;        .1;       3.3;         7;      11.7;      14.9;      16.5;      15.8;      12.4;       8.2;       3.5;        .6;       7.8;
      1410;1961-1990;        51;       -.3;        .6;       4.1;       8.3;      13.2;      16.5;      17.9;      17.2;      13.6;       9.2;       4.4;       1.1;       8.9;
      1411;1961-1990;        51;      -3.2;      -2.3;        .6;       4.4;       9.4;      12.6;      14.3;      13.9;      10.8;       6.7;       1.1;      -1.9;       5.6;
      1420;1961-1990;        51;        .8;       1.9;       5.4;       9.4;        14;      17.2;      19.1;      18.5;      14.9;       9.9;       4.9;       1.9;       9.9;
      1421;1961-1990;        42;        .9;       1.9;       5.6;       9.2;      13.7;      16.9;      18.7;        18;      14.5;       9.8;       4.9;       1.9;       9.7;
      1424;1961-1990;        42;       1.3;       2.6;       6.1;       9.9;      14.5;      17.6;      19.4;      18.8;      15.2;      10.1;       5.4;       2.5;      10.3;
      1425;1961-1990;        46;       1.1;       2.3;       5.8;       9.6;      14.1;      17.3;      19.1;      18.4;      14.9;      10.1;       5.1;       2.1;        10;
      1426;1961-1990;        42;        -1;         0;       3.6;       8.1;      13.3;      16.7;      18.1;      17.7;        14;       9.4;       4.4;        .7;       8.7;
      1428;1961-1990;        46;        .3;       1.4;       4.6;       8.4;      12.8;        16;      17.9;      17.3;      14.1;       9.4;       4.4;       1.4;         9;
      1440;1961-1990;        42;        .1;       1.6;       4.8;       8.4;      12.6;      15.8;        18;      17.5;      14.6;       9.9;       4.5;       1.3;       9.1;
      1441;1961-1990;        51;       -.8;         0;       3.2;       7.2;      12.2;      15.3;      16.8;      16.4;      13.3;       9.2;       4.1;        .7;       8.1;
      1443;1961-1990;        51;         1;       2.5;         6;       9.6;      13.8;        17;      19.1;      18.5;      15.3;      10.3;         5;         2;        10;
      1447;1961-1990;        42;       1.6;         3;       6.3;       9.9;      14.1;      17.3;      19.4;      18.7;      15.6;      10.7;       5.5;       2.5;      10.4;
      1451;1961-1990;        42;        .3;        .9;       3.5;       6.9;      11.7;      14.9;      16.3;      16.2;      13.3;       9.6;       5.1;       1.8;       8.4;
      1468;1961-1990;        51;      -1.5;       -.8;       1.6;       5.1;       9.6;      12.7;        15;      14.4;        12;       7.9;       2.5;       -.4;       6.5;
      1473;1961-1990;        46;      -1.5;       -.2;       3.3;       7.5;      12.2;      15.6;      17.2;      16.6;      13.2;       8.3;       3.1;       -.2;       7.9;
      1481;1961-1990;        42;      -2.2;      -1.5;         1;       4.5;       9.1;      12.4;      14.6;      13.9;      11.2;         7;       1.7;      -1.1;       5.9;
      1488;1961-1990;        42;      -1.9;      -1.3;       1.5;       5.6;      10.5;      13.7;      15.3;      14.8;        12;       8.1;       2.6;       -.8;       6.7;
      1490;1961-1990;        42;       -.2;       1.2;       4.4;       8.3;        13;      16.5;      18.6;      17.8;      14.6;       9.5;       4.4;        .8;       9.1;
      1492;1961-1990;        51;      -1.1;       -.4;         2;       5.3;       9.5;      12.8;        15;      14.4;        12;       8.1;       2.9;       -.1;       6.6;
      1503;1961-1990;        51;       1.1;       1.6;       4.1;       7.4;      12.2;      14.7;      16.1;      15.8;      13.1;       9.5;       5.3;       2.4;       8.6;
      1504;1961-1990;        46;        .1;         1;       4.2;         8;      12.6;      15.7;      17.3;      16.9;      13.6;       9.3;       4.4;       1.4;       8.7;
      1513;1961-1990;        46;      -1.9;      -1.2;       1.7;       5.3;       9.8;        13;      14.6;      14.3;      11.5;       7.5;       2.1;       -.7;       6.3;
      1515;1961-1990;        46;      -1.6;       -.2;       3.4;       7.5;      12.2;      15.4;      17.4;      16.8;      13.6;       8.5;       3.2;       -.4;         8;
      1522;1961-1990;        46;       -.9;        .4;       3.8;         8;      12.8;      16.1;      17.8;      17.1;      13.7;       8.8;       3.7;        .4;       8.5;
      1526;1961-1990;        51;       -.7;        .2;       3.6;       7.3;      11.9;      15.1;      16.6;        16;      12.9;       8.5;       3.8;        .7;         8;
      1544;1961-1990;        51;       -.4;        .3;       3.6;       7.5;      12.7;      16.1;      17.4;        17;      13.3;       9.1;       4.4;       1.2;       8.5;
      1550;1961-1990;        51;      -2.9;      -1.3;         2;       6.1;      10.8;      13.9;      15.8;      15.1;      12.1;       7.5;       1.8;      -2.5;       6.5;
      1552;1961-1990;        46;       -.8;        .1;       3.4;       7.8;      13.1;      16.5;      17.9;      17.5;      13.8;       9.4;       4.5;         1;       8.7;
      1568;1961-1990;        46;      -3.8;      -3.2;       -.6;       3.1;         8;      11.2;      12.8;      12.5;       9.6;       5.6;        .5;      -2.8;       4.4;
      1580;1961-1990;        51;       1.2;       2.3;       5.7;       9.5;        14;      17.1;      18.8;      18.2;      14.7;        10;       5.1;       2.3;       9.9;
      1583;1961-1990;        46;      -3.9;      -3.1;       -.1;       4.2;       9.4;      12.5;      14.2;        14;      10.7;       6.4;        .9;      -2.5;       5.2;
      1584;1961-1990;        42;      -1.8;       -.6;       2.4;       6.1;      10.7;      13.9;        16;      15.2;      12.3;       7.7;       2.4;       -.8;         7;
      1586;1961-1990;        46;      -1.7;       -.5;       2.9;         7;      11.7;      14.7;      16.8;      16.1;      13.2;       8.5;       3.1;       -.7;       7.6;
      1587;1961-1990;        42;      -2.4;      -1.1;       2.5;       6.7;      11.4;      14.5;      16.2;      15.5;      12.3;       7.5;       2.6;       -.8;       7.1;
      1590;1961-1990;        51;       2.3;       2.8;       5.4;       8.6;      13.5;      16.1;      17.7;      17.4;      14.3;      10.6;         6;       3.3;       9.8;
      1593;1961-1990;        46;        .4;       1.5;       4.8;       8.7;      13.3;      16.4;        18;      17.5;      14.2;       9.7;       4.7;       1.6;       9.2;
      1602;1961-1990;        42;         1;       2.3;       5.5;         9;      13.2;      16.4;      18.4;      17.8;      14.8;      10.2;       5.1;       1.9;       9.6;
      1605;1961-1990;        51;       -.6;        .3;       3.6;       7.7;      13.1;      16.4;      17.9;      17.3;      13.6;       9.1;       4.3;        .9;       8.7;
      1612;1961-1990;        51;      -1.1;       -.3;       3.2;       7.2;      12.1;      15.4;      17.1;      16.8;      13.4;         9;       3.8;        .4;       8.1;
      1617;1961-1990;        42;        .3;        .6;       3.7;       7.6;      12.5;      15.8;      17.3;      16.8;      13.7;       9.6;       4.8;       1.5;       8.7;
      1619;1961-1990;        51;        .9;       2.3;       5.6;       9.6;      14.1;      17.2;      18.9;      18.3;        15;      10.1;       4.9;       2.1;       9.9;
      1621;1961-1990;        46;      -1.7;       -.6;       2.6;       6.7;      11.3;      14.4;      16.1;      15.6;      12.6;       8.1;       2.6;       -.4;       7.3;
      1638;1961-1990;        42;         0;        .9;       4.3;       8.1;      12.7;      15.9;      17.6;      17.1;      13.6;       9.1;       4.2;       1.2;       8.7;
      1639;1961-1990;        51;         0;         1;       4.4;       8.2;      12.6;      15.9;      17.6;        17;      13.6;         9;         4;       1.1;       8.7;
      1645;1961-1990;        51;      -1.1;       -.3;         3;       6.7;      11.1;      14.4;      15.9;      15.4;      12.1;       7.9;       3.1;        .2;       7.4;
      1666;1961-1990;        46;        .4;        .6;       2.9;       6.3;      11.2;      14.7;        16;      15.9;      12.9;       9.4;         5;       1.8;       8.1;
      1667;1961-1990;        51;        .3;        .9;       3.5;         7;      11.8;        15;      16.3;      16.2;      13.4;       9.6;         5;       1.8;       8.4;
      1684;1961-1990;        51;      -1.5;       -.4;       3.3;       7.7;      12.7;        16;      17.5;      17.1;      13.6;       9.2;       3.8;        .2;       8.3;
      1689;1961-1990;        51;      -1.9;       -.6;       2.7;       6.8;      11.5;      14.7;      16.2;      15.6;      12.4;         8;       2.9;       -.5;       7.3;
      1691;1961-1990;        51;        .3;         1;         4;       7.7;      12.2;      15.4;      16.8;      16.4;      13.5;       9.5;       4.7;       1.5;       8.6;
      1694;1961-1990;        51;       -.8;       -.1;       2.8;       6.9;      12.1;      15.4;      16.7;      16.5;      13.3;       9.2;       4.4;        .9;       8.1;
      1721;1961-1990;        46;      -1.9;       -.7;       2.6;       6.8;      11.5;      14.8;      16.4;      15.8;      12.6;       7.9;       2.8;       -.5;       7.3;
      1735;1961-1990;        51;      -2.6;      -1.3;       1.9;       6.3;      11.2;      14.2;      15.8;      15.4;      12.4;         8;       2.4;      -1.1;       6.9;
      1736;1961-1990;        42;       -.2;        .6;       3.3;       7.1;      12.1;      15.5;      16.6;      16.4;        13;         9;       4.6;       1.3;       8.3;
      1748;1961-1990;        51;      -2.2;      -1.4;       1.7;       5.6;      10.2;      13.2;      14.9;      14.8;      11.8;       7.5;       1.9;      -1.1;       6.4;
      1757;1961-1990;        42;       -.6;         0;       2.7;       6.4;      11.5;      15.2;      16.7;      16.6;      13.4;       9.3;       4.6;       1.1;       8.1;
      1758;1961-1990;        42;       -.6;         0;       2.7;       6.4;      11.5;      15.2;      16.7;      16.5;      13.3;       9.3;       4.5;       1.1;         8;
      1759;1961-1990;        42;       -.2;         0;       2.2;       5.2;      10.3;      14.8;      17.2;      17.1;      14.2;      10.2;       5.4;       1.8;       8.2;
      1762;1961-1990;        44;       -.8;         0;       3.3;       7.3;      12.3;      15.6;        17;      16.5;      13.2;       8.9;       3.9;        .6;       8.2;
      1766;1961-1990;        42;       1.4;         2;       4.7;       8.2;      12.7;      15.7;        17;      16.8;      13.8;        10;       5.3;       2.6;       9.2;
      1792;1961-1990;        46;       1.3;       1.8;       4.3;       7.7;      12.4;      15.4;      16.7;      16.5;      13.7;       9.9;       5.4;       2.5;         9;
      1803;1961-1990;        42;       -.8;       -.1;       2.6;       6.4;      11.5;        15;      16.3;      16.1;      12.8;       8.8;       4.2;         1;       7.8;
      1832;1961-1990;        42;      -5.2;      -4.8;      -2.6;       1.1;       5.9;       8.8;      10.6;      10.5;       7.7;       4.4;       -.7;      -3.8;       2.7;
      1833;1961-1990;        46;      -4.5;        -4;      -1.7;       1.9;       6.8;      10.1;      11.8;      11.6;       8.9;       5.3;       -.5;      -3.4;       3.5;
      1834;1961-1990;        42;        -4;      -3.4;       -.8;       3.1;         8;      11.1;      12.9;      12.8;       9.8;       5.8;        .4;      -2.8;       4.4;
      1844;1961-1990;        42;      -1.6;       -.3;       3.4;       7.3;      11.8;      14.9;        17;      16.3;      13.4;       8.7;       3.2;       -.5;       7.8;
      1849;1961-1990;        46;        -2;       -.4;       3.4;       7.7;      12.3;      15.4;      17.2;      16.7;      13.4;       8.3;       2.9;       -.7;       7.9;
      1863;1961-1990;        46;        .1;       1.2;       4.6;       8.4;        13;      16.1;      17.8;      17.2;        14;       9.4;       4.4;       1.4;         9;
      1869;1961-1990;        42;      -1.6;       -.7;       2.5;       6.9;      12.2;      15.6;      17.1;      16.8;      13.2;       8.8;       3.8;        .3;       7.9;
      1873;1961-1990;        51;       -.8;       -.3;       2.6;       6.3;      11.1;      14.2;      15.5;      15.2;      12.1;       8.2;       3.4;        .3;       7.4;
      1875;1961-1990;        51;        -1;         0;       3.2;       7.1;      11.8;      15.1;      17.1;      16.3;        13;       8.4;       3.3;         0;       7.9;
      1886;1961-1990;        46;      -1.4;       -.1;       3.5;       7.6;      12.1;      15.4;      17.1;      16.5;      13.2;       8.3;       3.2;       -.2;       7.9;
      1890;1961-1990;        46;       -.6;        .1;         3;       6.9;      12.1;      15.6;        17;      16.8;      13.4;       9.3;       4.5;       1.1;       8.3;
      1891;1961-1990;        51;       1.4;       2.1;       4.9;       8.6;      13.2;      16.1;      17.5;      17.2;      13.8;        10;       5.5;       2.6;       9.4;
      1902;1961-1990;        42;      -1.6;       -.6;         3;       7.1;      11.7;      15.1;      16.9;      16.2;      12.8;         8;       3.1;       -.2;       7.6;
      1920;1961-1990;        42;         2;       2.5;       5.1;       8.3;      12.7;      15.7;      17.4;        17;      14.1;      10.4;       5.8;       3.1;       9.5;
      1929;1961-1990;        42;      -2.2;      -1.7;       1.1;       4.8;       9.7;        13;      14.4;      14.5;      11.1;       7.6;       2.1;        -1;       6.1;
      1957;1961-1990;        51;       -.1;        .7;       4.2;       8.2;      13.1;      16.4;        18;      17.6;      14.1;       9.6;       4.7;       1.3;         9;
      1960;1961-1990;        42;        .5;       1.3;       4.9;         9;      13.9;      17.3;      18.9;      18.2;      15.1;      10.5;       5.3;       1.9;       9.7;
      1964;1961-1990;        51;        .4;       1.2;       4.2;       7.6;      11.9;      14.9;      16.7;      16.2;      13.1;       8.9;       4.1;       1.4;       8.4;
      1972;1961-1990;        46;        .4;         1;       3.8;       7.5;      12.5;      15.8;        17;      16.8;      13.6;       9.6;         5;       1.8;       8.7;
      1973;1961-1990;        46;        .9;       1.5;       4.3;         8;      12.9;      16.2;      17.4;      17.4;      14.2;      10.4;       5.5;       2.3;       9.3;
      1975;1961-1990;        51;        .3;        .9;       3.6;       7.2;      12.2;      15.4;      16.7;      16.5;      13.4;       9.5;         5;       1.7;       8.6;
      1979;1961-1990;        42;        .3;         1;       3.8;       7.5;      12.5;      15.7;        17;      16.7;      13.5;       9.5;         5;       1.8;       8.7;
      1981;1961-1990;        51;        .4;        .9;         4;       7.5;      12.6;      15.7;      17.1;      16.9;      13.6;       9.7;       5.1;       1.9;       8.8;
      1986;1961-1990;        42;        .4;        .9;       3.8;       7.5;      12.5;      15.8;        17;      16.8;      13.6;       9.6;         5;       1.8;       8.7;
      1987;1961-1990;        42;        .9;       1.6;       4.4;       8.1;      13.1;      16.4;      17.6;      17.6;      14.4;      10.4;       5.6;       2.4;       9.4;
      1990;1961-1990;        51;        .6;       1.4;       4.2;       7.8;      12.7;        16;      17.2;      17.1;      13.7;       9.8;       5.3;       2.1;         9;
      1993;1961-1990;        51;         1;       1.6;       4.5;       8.2;      12.8;      15.8;      17.3;        17;      13.8;        10;       5.3;       2.3;       9.2;
      2000;1961-1990;        46;        .9;       2.1;       5.5;       9.4;        14;      17.2;      18.9;      18.2;      14.8;        10;         5;       1.9;       9.8;
      2005;1961-1990;        42;       -.4;        .3;       3.3;       7.3;      12.3;      15.6;      16.8;      16.3;        13;       8.9;       4.2;         1;       8.2;
      2014;1961-1990;        51;        .6;       1.1;         4;       7.8;      12.6;      15.8;      17.2;      16.9;      13.7;       9.7;         5;       1.9;       8.9;
      2023;1961-1990;        42;      -1.9;       -.5;       3.4;       7.3;      11.9;      15.1;      16.9;      16.7;      13.6;       8.3;       2.9;       -.7;       7.7;
      2039;1961-1990;        51;        .1;        .4;       3.3;       7.1;      12.1;      15.3;      16.8;      16.4;      13.6;       9.5;       4.5;       1.3;       8.4;
      2044;1961-1990;        51;      -1.7;      -1.2;       1.6;       5.7;      10.7;        14;      15.5;      15.1;        12;       7.9;         3;       -.5;       6.8;
      2048;1961-1990;        46;        .5;       1.1;       3.7;       7.3;      12.2;      15.4;      16.7;      16.5;      13.4;       9.6;       5.1;       1.9;       8.6;
      2053;1961-1990;        46;      -1.5;      -1.1;       1.6;       5.4;      10.5;      13.8;      15.3;        15;      11.8;       7.9;         3;       -.2;       6.8;
      2069;1961-1990;        46;      -3.5;      -2.3;         1;         5;       9.9;      12.9;      14.5;      14.2;      11.2;       6.8;       1.3;      -2.1;       5.7;
      2074;1961-1990;        42;       -.5;        .7;       3.9;       7.5;      11.9;        15;      17.3;      16.7;      13.5;       9.2;       3.7;        .4;       8.3;
      2078;1961-1990;        51;        .8;       1.2;       3.6;         7;      11.8;      14.7;        16;        16;      13.4;       9.8;       5.3;       2.3;       8.5;
      2080;1961-1990;        51;       1.8;       3.1;       6.8;      10.5;      14.8;      17.7;      19.7;      19.1;        16;      11.2;       5.7;       2.7;      10.8;
      2081;1961-1990;        46;       -.2;        .8;       3.7;       7.4;      11.9;      14.9;      16.9;      16.5;      13.4;       9.3;       3.7;        .9;       8.3;
      2083;1961-1990;        46;       1.6;       2.9;       6.2;      10.2;      14.6;      17.6;      19.5;        19;      15.6;      10.8;       5.6;       2.5;      10.5;
      2088;1961-1990;        51;      -2.5;      -1.2;       2.1;       6.2;      10.8;      14.3;      15.9;      15.1;      11.6;       7.1;       2.1;      -1.6;       6.7;
      2092;1961-1990;        42;       -.8;        .2;       3.2;       6.9;      11.3;      14.3;        16;      15.8;      12.9;       8.7;       3.3;        .4;       7.7;
      2095;1961-1990;        51;         1;       2.3;       5.7;       9.6;        14;      17.1;      18.9;      18.1;      14.7;        10;       5.1;         2;       9.9;
      2110;1961-1990;        51;       1.8;       2.3;       5.5;       8.6;      13.1;      16.1;      17.7;      17.3;      14.1;      10.5;       5.9;       3.1;       9.7;
      2115;1961-1990;        42;       2.5;       2.1;       3.4;         6;      10.2;      13.8;      15.8;      16.6;      14.9;      11.7;       7.6;       4.4;       9.1;
      2120;1961-1990;        51;       -.2;        .4;       3.7;       7.8;      12.7;      15.9;      17.3;      17.1;      13.7;       9.4;       4.5;       1.2;       8.6;
      2122;1961-1990;        42;        .2;        .6;       3.2;       6.6;      11.4;      14.7;      16.1;        16;      13.3;       9.5;         5;       1.7;       8.2;
      2147;1961-1990;        51;       1.4;         2;       4.9;       8.6;      13.2;      16.2;      17.7;      17.4;      14.1;      10.2;       5.5;       2.6;       9.5;
      2151;1961-1990;        51;       -.4;        .4;       3.7;       7.7;      12.4;      15.6;      17.1;      16.6;      13.3;         9;       4.1;        .9;       8.4;
      2158;1961-1990;        51;       -.3;        .6;       3.5;       6.9;      11.6;      14.8;      16.8;      16.1;      12.9;       8.6;       3.9;        .6;         8;
      2159;1961-1990;        42;       -.6;        .7;       3.9;       7.4;        12;      15.2;      17.1;      16.2;      13.3;       8.9;       3.6;        .5;       8.2;
      2160;1961-1990;        46;      -1.3;       -.4;       2.7;       6.8;      11.7;      14.7;      16.4;      15.9;      12.7;       8.3;       3.2;         0;       7.6;
      2166;1961-1990;        42;      -2.1;       -.9;       2.7;         7;      12.1;      15.4;      16.8;      16.4;        13;       8.6;       3.3;       -.3;       7.7;
      2167;1961-1990;        51;         0;        .6;       3.7;         7;      11.3;      14.5;      16.3;      15.6;      12.5;       8.3;       3.7;         1;       7.9;
      2171;1961-1990;        51;       -.6;        .2;       3.4;       7.4;      12.1;      15.2;      16.8;      16.2;        13;       8.6;       3.6;        .6;       8.1;
      2173;1961-1990;        42;       1.6;       2.3;       5.1;       8.6;        13;      15.9;      17.4;      16.9;        14;      10.5;       5.7;       2.9;       9.5;
      2174;1961-1990;        46;       -.5;        .2;       3.2;       7.1;      11.9;        15;      16.4;      16.1;      12.9;       8.8;         4;        .8;         8;
      2206;1961-1990;        51;        .7;       1.1;       4.2;         8;      12.9;      15.8;      17.2;      16.9;      13.9;       9.9;       5.4;         2;         9;
      2211;1961-1990;        51;        .2;       1.2;       4.1;       7.7;      12.1;      15.1;      16.7;      16.3;      13.2;       9.2;       4.2;       1.3;       8.5;
      2221;1961-1990;        42;      -1.8;      -1.4;         1;       4.2;       8.7;      12.1;      14.4;      13.7;      11.4;       7.5;       2.2;       -.8;       5.9;
      2223;1961-1990;        46;      -1.3;         0;       3.5;       7.7;      12.4;      15.6;      17.2;      16.6;      13.3;       8.5;       3.5;        .2;       8.1;
      2225;1961-1990;        46;      -2.5;      -1.2;       2.1;       6.4;      11.5;      14.7;      16.1;      15.6;      12.3;         8;       2.8;       -.7;       7.1;
      2226;1961-1990;        44;      -2.9;      -1.9;       1.3;       5.4;      10.5;      13.5;      15.3;        15;      11.9;       7.5;       1.6;      -1.7;       6.3;
      2228;1961-1990;        51;      -2.3;      -1.5;        .9;       4.2;       8.7;      12.1;      14.2;      13.4;      10.7;       6.7;       1.7;      -1.3;       5.6;
      2244;1961-1990;        51;        -2;      -1.3;       1.2;       4.9;       9.4;      12.6;      15.1;      14.5;      11.7;       7.6;         2;       -.9;       6.2;
      2250;1961-1990;        51;        -3;      -1.6;       1.9;       6.3;      11.3;      14.6;      16.1;      15.5;        12;         7;       2.2;      -1.5;       6.8;
      2252;1961-1990;        46;      -1.7;       -.7;       2.9;       7.3;      12.3;      15.6;      17.1;      16.8;      13.3;       8.9;       3.6;         0;       7.9;
      2260;1961-1990;        51;      -2.2;      -1.3;       2.1;       6.4;      11.6;      14.7;      16.3;      15.6;      12.1;       7.6;       2.7;       -.8;       7.1;
      2261;1961-1990;        51;      -2.7;      -1.7;       1.9;       6.1;      11.1;      14.2;      15.8;      15.3;        12;       7.5;       2.2;      -1.3;       6.7;
      2264;1961-1990;        42;       -.6;        .1;       3.1;       6.8;      11.6;      14.5;      15.9;      15.5;      12.5;       8.5;       3.8;        .7;       7.7;
      2268;1961-1990;        51;        -1;        .3;       3.8;       8.1;      12.8;      15.9;      17.6;      17.1;      13.6;       8.8;       3.6;        .4;       8.4;
      2289;1961-1990;        46;       -.4;        .4;       3.7;       7.9;      13.1;      16.5;      17.8;      17.3;      13.8;       9.4;       4.6;       1.2;       8.8;
      2290;1961-1990;        51;      -1.8;      -1.3;       1.3;       4.8;       9.4;      12.5;      14.8;      14.4;      11.9;       7.8;       2.3;       -.7;       6.3;
      2297;1961-1990;        42;       -.2;        .3;       2.8;       6.3;      11.1;      14.4;      15.6;      15.6;      12.7;         9;       4.5;       1.2;       7.8;
      2302;1961-1990;        46;       -.7;        .1;       3.3;       7.3;      12.1;      15.5;        17;      16.4;      13.2;         9;       3.9;        .7;       8.1;
      2303;1961-1990;        42;        .2;        .6;       2.9;       6.2;      11.1;      14.7;      15.9;      15.7;      12.8;       9.3;       4.9;       1.6;         8;
      2306;1961-1990;        42;        .9;       1.2;       3.2;       6.4;        11;      14.7;      16.4;      16.3;      13.5;       9.9;       5.4;       2.3;       8.4;
      2315;1961-1990;        46;       -.5;        .4;       3.9;       8.2;      13.4;      16.8;      18.2;      17.7;        14;       9.6;       4.5;         1;       8.9;
      2318;1961-1990;        46;       -.4;        .5;       3.5;       7.1;      11.6;      14.7;      16.5;      16.1;        13;       8.8;       3.6;        .7;         8;
      2319;1961-1990;        42;      -2.1;      -1.3;       2.2;       6.3;      11.2;      14.3;      16.3;      15.4;      12.2;       7.1;       2.2;      -1.3;       6.9;
      2323;1961-1990;        51;        .7;       1.3;       4.4;         8;      12.6;      15.7;      17.2;      16.8;      13.7;       9.7;         5;       1.9;         9;
      2324;1961-1990;        42;      -1.4;       -.7;       2.1;       5.9;      10.6;      13.6;      15.1;      14.9;      11.9;         8;         3;       -.1;       6.9;
      2327;1961-1990;        51;       -.5;        .3;       3.9;       7.7;      12.3;      15.5;      17.1;      16.5;      13.1;       8.7;       3.8;        .7;       8.3;
      2331;1961-1990;        42;        .7;       1.4;       4.7;       8.3;      12.6;        16;      17.8;        17;      13.6;       9.3;       4.2;       1.5;       8.9;
      2338;1961-1990;        46;       1.5;         2;       4.6;       8.1;      12.7;      15.7;      17.1;      16.9;      13.9;        10;       5.5;       2.6;       9.2;
      2344;1961-1990;        46;      -2.9;      -1.8;       1.6;       5.8;      10.8;      13.8;      15.4;      14.9;      11.7;       7.3;         2;      -1.4;       6.4;
      2349;1961-1990;        42;      -2.6;      -2.3;       -.3;         3;       7.4;      10.6;      12.9;      12.5;      10.1;       6.6;         1;      -1.6;       4.8;
      2352;1961-1990;        42;      -1.2;        .3;       3.3;       6.9;      11.1;      14.2;      16.5;      15.9;      13.3;       8.7;       3.2;       -.4;       7.6;
      2354;1961-1990;        46;       -.8;        .3;       3.9;       8.2;      13.5;      16.8;      18.3;      17.9;      14.2;       9.6;       4.5;        .8;       8.9;
      2360;1961-1990;        42;        -2;       -.5;       3.1;       7.3;      12.1;      15.3;      16.9;      16.2;      12.9;         8;         3;       -.5;       7.6;
      2362;1961-1990;        42;       -.2;        .9;       3.9;       7.4;      11.8;      14.8;      16.5;      16.3;      13.1;       9.2;       4.1;       1.1;       8.2;
      2374;1961-1990;        42;        .5;        .8;       3.1;       6.5;      11.3;      14.8;      16.2;        16;      13.1;       9.4;       5.1;       1.9;       8.2;
      2385;1961-1990;        46;       -.2;        .7;       3.6;         7;      11.4;      14.6;      16.4;      15.8;      12.6;       8.5;       3.7;        .9;       7.9;
      2388;1961-1990;        46;         1;       2.6;       5.9;       9.7;      13.9;      17.1;      19.1;      18.3;      15.2;      10.2;       5.2;         2;        10;
      2396;1961-1990;        46;       -.3;        .1;       2.9;       6.5;      11.4;      14.6;      16.1;        16;      12.7;       8.7;       3.9;         1;       7.8;
      2406;1961-1990;        42;        .2;       1.3;       4.6;       8.6;      13.2;      16.4;      18.2;      17.5;        14;       9.4;       4.5;       1.3;       9.1;
      2410;1961-1990;        46;      -1.6;       -.1;       3.7;       7.9;      12.7;      15.8;      17.6;        17;      13.5;       8.5;       3.3;       -.3;       8.2;
      2417;1961-1990;        42;        -2;       -.8;       3.1;         7;      11.5;      14.7;      16.8;      16.2;      13.2;       8.6;       2.7;       -.9;       7.5;
      2422;1961-1990;        42;       1.4;       1.8;       4.4;       7.6;      12.2;      15.2;      16.7;      16.3;      13.5;        10;       5.2;       2.5;       8.9;
      2423;1961-1990;        51;      -2.4;      -1.1;       2.4;       6.4;        11;        14;        16;      15.2;      12.4;       7.8;       2.3;      -1.5;       6.9;
      2429;1961-1990;        42;        .3;        .7;       3.2;       6.7;      11.5;        15;        16;      16.1;        13;       9.3;       4.9;       1.7;       8.2;
      2437;1961-1990;        46;        .3;        .7;       3.1;       6.4;      11.3;      14.8;      16.1;        16;      13.1;       9.5;         5;       1.8;       8.2;
      2444;1961-1990;        51;        .4;       1.2;       4.6;       8.6;      13.4;      16.7;      18.2;      17.4;      14.2;       9.8;         5;       1.7;       9.3;
      2451;1961-1990;        51;       -.4;        .6;       4.1;       8.5;      13.8;      17.2;      18.6;      17.9;      14.1;       9.6;       4.6;       1.1;       9.2;
      2456;1961-1990;        51;       1.1;       1.4;       3.8;         7;      11.6;      14.7;      16.1;        16;      13.4;       9.8;       5.4;       2.4;       8.6;
      2464;1961-1990;        42;        .4;         1;       3.7;       7.5;      12.3;      15.5;      16.7;      16.3;      13.2;       9.3;         5;       1.9;       8.6;
      2474;1961-1990;        42;       2.1;       2.7;       5.4;       8.5;      12.9;      15.6;      17.2;      16.8;      14.1;      10.5;       5.8;       3.1;       9.6;
      2475;1961-1990;        42;       -.7;        .1;       3.6;       7.9;      13.1;      16.6;        18;      17.4;      13.6;       9.2;       4.3;        .9;       8.7;
      2477;1961-1990;        42;      -1.9;       -.6;       2.2;       6.1;      10.4;      13.7;      15.8;      15.1;      12.3;       7.6;       2.3;       -.7;       6.9;
      2480;1961-1990;        51;        .7;       1.8;       5.2;         9;      13.7;      17.1;      18.8;      18.1;      14.5;       9.8;       4.8;       1.8;       9.6;
      2483;1961-1990;        51;      -2.8;      -2.5;       -.2;       3.4;       8.2;      11.1;      12.7;      12.7;        10;       6.3;       1.2;      -1.7;       4.9;
      2485;1961-1990;        46;      -1.1;         0;       3.1;       6.9;      11.5;      14.7;      16.6;      15.9;      12.8;       8.4;       3.3;         0;       7.7;
      2486;1961-1990;        51;         1;         2;       5.4;       9.1;      13.6;        17;      18.9;      18.1;      14.5;       9.9;         5;         2;       9.8;
      2488;1961-1990;        51;      -2.1;       -.6;       3.2;       7.3;      11.8;      14.9;      16.7;      16.2;        13;       8.1;       2.6;       -.9;       7.5;
      2494;1961-1990;        46;       2.3;       2.9;       5.4;       8.7;      13.2;      16.1;      17.6;      17.4;      14.5;      10.7;       6.1;       3.4;       9.8;
      2497;1961-1990;        51;       -.1;        .2;       2.7;       5.8;      10.3;      13.3;      15.1;      14.8;      12.2;       8.6;       3.7;        .9;       7.3;
      2502;1961-1990;        46;      -1.2;       -.6;       2.5;       6.3;      10.9;      14.1;      15.5;      15.2;      12.2;       8.3;       3.2;        .1;       7.2;
      2503;1961-1990;        51;      -2.4;      -1.5;       2.3;       6.2;      10.9;      13.9;      15.7;      15.3;      11.9;       7.5;       2.2;       -.9;       6.8;
      2506;1961-1990;        46;      -1.1;         0;       3.5;       7.8;      12.9;      16.1;      17.7;      17.3;      13.9;       9.4;       4.2;        .6;       8.5;
      2521;1961-1990;        51;        -2;       -.5;       3.5;       7.7;      12.5;      15.8;      17.5;      16.7;      13.3;         8;       2.9;       -.6;         8;
      2522;1961-1990;        51;       1.1;       2.4;       5.9;       9.8;      14.1;      17.5;      19.5;      18.8;      15.3;      10.3;       5.2;       2.1;      10.2;
      2532;1961-1990;        51;       -.1;        .8;         4;       7.9;      12.6;      15.6;      17.2;      16.9;      13.6;       9.3;       4.1;       1.1;       8.6;
      2533;1961-1990;        42;        .3;       1.1;       4.3;         8;      12.6;      15.7;      17.2;        17;      13.7;       9.4;       4.5;       1.4;       8.8;
      2536;1961-1990;        42;       -.4;        .4;       3.4;       7.3;      12.1;      15.1;      16.6;      16.2;        13;       8.9;         4;       1.1;       8.1;
      2542;1961-1990;        42;      -1.8;       -.7;       2.5;       6.3;        11;      14.3;      16.4;      15.8;      12.9;       8.1;       2.6;       -.8;       7.2;
      2543;1961-1990;        42;      -1.9;       -.7;       2.9;       6.7;      11.4;      14.7;      16.7;        16;      12.8;       8.1;       2.9;       -.7;       7.4;
      2546;1961-1990;        46;       1.2;       2.6;       5.9;       9.7;        14;      17.2;      19.2;      18.5;      15.3;      10.5;       5.2;       2.2;      10.1;
      2559;1961-1990;        51;      -2.1;       -.9;       2.6;       6.4;        11;      14.2;      16.3;      15.5;      12.6;       8.1;       2.6;      -1.1;       7.1;
      2564;1961-1990;        42;        .7;         1;       3.3;       6.7;      11.5;      15.1;      16.3;      16.3;      13.3;       9.7;       5.3;       2.1;       8.5;
      2565;1961-1990;        42;        .3;        .6;       3.1;       6.7;      11.4;      15.1;      16.3;      16.3;      13.3;       9.6;       5.4;         2;       8.3;
      2575;1961-1990;        46;        -1;        .1;       3.5;       7.4;      12.1;      15.3;      17.1;      16.4;      13.2;       8.5;       3.4;        .2;         8;
      2578;1961-1990;        44;         0;        .5;         3;       6.8;      11.9;      15.4;        17;      16.8;      13.8;       9.7;         5;       1.6;       8.5;
      2597;1961-1990;        51;       -.8;        .4;         4;       8.2;      12.8;      15.9;      17.5;      16.8;      13.5;       8.7;       3.6;        .5;       8.4;
      2600;1961-1990;        42;       -.1;       1.2;       4.8;       8.8;      13.5;      16.8;      18.5;        18;      14.3;       9.5;       4.4;       1.3;       9.2;
      2601;1961-1990;        51;      -2.5;        -2;        .8;       4.5;         9;        12;      13.8;      13.8;      10.8;       6.8;       1.4;      -1.4;       5.6;
      2609;1961-1990;        42;       -.2;        .2;       2.9;       6.5;      11.5;        15;      16.3;      16.1;      13.1;       9.2;       4.6;       1.3;         8;
      2618;1961-1990;        44;      -3.4;      -2.6;        .3;       4.4;       9.2;      12.3;      13.9;      13.7;      10.8;       6.7;       1.2;      -2.1;       5.4;
      2621;1961-1990;        46;       -.6;        .4;       3.9;       8.2;      13.5;      16.9;      18.1;      17.5;      13.7;       9.3;       4.5;         1;       8.9;
      2627;1961-1990;        46;       -.9;        .1;       3.6;       7.8;      12.9;      16.3;      17.8;      17.4;      13.8;       9.3;       4.3;        .8;       8.6;
      2629;1961-1990;        51;       1.9;       2.5;         5;       8.3;      12.7;      15.7;      17.2;      16.9;      14.1;      10.4;       5.7;         3;       9.5;
      2638;1961-1990;        51;      -1.9;      -1.3;       1.3;       4.9;       9.3;      12.5;      14.9;      14.4;      11.8;       7.6;       2.1;       -.8;       6.2;
      2641;1961-1990;        46;       -.4;        .4;         4;       8.1;      13.1;      16.5;      18.1;      17.8;      14.2;       9.6;       4.7;       1.2;       8.9;
      2654;1961-1990;        46;        .9;       2.1;       5.3;       9.1;      13.5;      16.7;      18.5;      17.8;      14.6;       9.9;       4.9;       1.9;       9.6;
      2657;1961-1990;        51;       1.9;       2.8;       5.8;       9.4;      13.8;      17.1;      18.7;      18.2;      14.7;      10.5;       5.7;       2.9;      10.2;
      2665;1961-1990;        42;       2.5;       3.3;       6.2;       9.5;      13.9;      16.9;      18.4;        18;      14.9;      11.1;       6.3;       3.6;      10.4;
      2667;1961-1990;        51;       1.9;       2.5;       5.4;       8.9;      13.3;      16.4;      17.9;      17.5;      14.3;      10.4;       5.7;         3;       9.8;
      2677;1961-1990;        44;      -1.9;       -.8;       1.9;       5.7;      10.2;      13.5;      15.6;      14.8;      11.9;       7.5;       2.2;        -1;       6.6;
      2680;1961-1990;        51;      -1.5;       -.2;       3.5;       7.7;      12.4;      15.6;      17.2;      16.6;      13.3;       8.3;       3.3;        .1;       8.1;
      2689;1961-1990;        46;        .3;        .9;       3.7;       7.3;      12.2;      15.4;      16.6;      16.5;      13.3;       9.4;       4.8;       1.7;       8.5;
      2691;1961-1990;        46;      -1.8;       -.3;       3.5;       7.7;      12.5;      15.7;      17.3;      16.7;      13.2;       8.1;         3;       -.6;       7.9;
      2693;1961-1990;        42;       -.4;        .7;         4;       7.9;      12.4;      15.4;      17.2;      17.1;      13.8;       9.1;       3.6;        .6;       8.4;
      2700;1961-1990;        51;      -1.6;         0;       3.7;       8.1;      12.5;      15.5;      17.4;      16.9;      13.5;       8.6;       3.1;       -.3;       8.1;
      2701;1961-1990;        46;       -.3;        .5;         4;         8;      12.9;      16.1;      17.7;      17.2;      13.8;       9.4;       4.5;         1;       8.7;
      2703;1961-1990;        46;       -.9;       -.2;       2.5;       6.1;      10.7;      13.8;      15.3;        15;      12.1;       8.3;       3.4;        .4;       7.2;
      2704;1961-1990;        42;       -.3;        .7;       4.1;       8.4;      13.4;      16.7;        18;      17.6;        14;       9.6;       4.5;       1.1;         9;
      2708;1961-1990;        46;      -1.1;       -.2;       2.8;       6.6;      11.1;      14.2;      16.5;      15.8;        13;       8.5;       3.2;       -.2;       7.5;
      2712;1961-1990;        42;         0;       1.3;       4.7;       8.7;      13.1;      16.3;      18.5;      17.7;      14.7;       9.7;       4.3;         1;       9.2;
      2713;1961-1990;        42;       -.2;         1;       4.2;       8.3;      12.9;      16.2;      18.2;      17.2;      14.1;       9.3;       4.2;        .9;       8.9;
      2717;1961-1990;        46;       -.9;       -.3;       2.6;       6.2;      10.9;        14;      15.5;      15.3;      12.2;       8.3;       3.2;        .3;       7.3;
      2738;1961-1990;        42;        -2;      -1.3;       1.5;       5.2;      10.1;      13.3;      15.3;      14.6;        12;       7.8;       2.4;      -1.2;       6.5;
      2750;1961-1990;        51;      -1.4;         0;       3.2;       7.3;      12.2;      15.5;        17;      16.3;      12.9;       8.4;       3.3;        .1;       7.9;
      2761;1961-1990;        42;      -1.4;       -.4;       3.2;       7.1;      11.6;        15;      16.8;        16;        13;       8.2;       3.1;       -.3;       7.7;
      2770;1961-1990;        46;         0;        .6;       3.2;       6.8;      11.6;      15.1;      16.4;      16.3;      13.2;       9.3;       4.8;       1.5;       8.2;
      2773;1961-1990;        46;        -2;       -.4;       3.3;       7.6;      12.4;      15.6;      17.2;      16.6;      13.2;       8.2;         3;       -.5;       7.8;
      2775;1961-1990;        46;        .2;       1.3;       4.6;       8.6;      13.1;      16.4;      18.1;      17.5;        14;       9.4;       4.4;       1.2;       9.1;
      2780;1961-1990;        42;      -1.6;       -.3;       3.2;       7.4;      12.4;      15.6;      17.2;      16.5;        13;       8.2;       3.1;       -.1;       7.9;
      2783;1961-1990;        42;      -1.8;       -.4;       3.5;       7.8;      12.8;      15.9;      17.7;        17;      13.5;       8.3;       3.3;       -.4;       8.1;
      2790;1961-1990;        42;       -.2;        .9;       3.8;       7.3;      11.5;      14.6;      16.4;      15.7;      12.5;       8.4;       3.6;        .8;       7.9;
      2794;1961-1990;        42;        -1;       -.2;       3.1;       7.5;      12.6;      16.2;      17.5;      17.2;      13.5;         9;       4.4;        .7;       8.4;
      2796;1961-1990;        46;       -.6;         0;       2.8;       6.5;      11.6;      15.2;      16.6;      16.4;      13.2;       9.1;       4.4;       1.1;         8;
      2812;1961-1990;        51;         1;       2.4;       5.8;       9.5;      13.9;        17;        19;      18.3;      15.1;      10.2;         5;       1.9;       9.9;
      2814;1961-1990;        51;      -2.4;      -1.3;       1.6;       5.7;      10.2;      13.5;      15.5;      14.9;      11.9;       7.5;       2.1;      -1.3;       6.5;
      2821;1961-1990;        46;       -.1;        .6;       3.5;       7.3;      12.1;      15.2;      16.6;      16.4;      13.1;       9.1;       4.4;       1.2;       8.3;
      2829;1961-1990;        46;      -1.8;       -.6;       2.9;       6.7;      11.3;      14.6;      16.6;        16;      12.9;       8.1;       2.8;       -.7;       7.4;
      2830;1961-1990;        46;      -1.7;       -.6;       2.9;       6.7;      11.4;      14.6;      16.6;        16;      12.9;       8.1;       2.8;       -.7;       7.4;
      2831;1961-1990;        46;      -1.8;       -.1;       3.7;         8;      12.9;      16.1;      17.8;      17.1;      13.7;       8.6;       3.3;       -.2;       8.3;
      2843;1961-1990;        46;        .8;         2;       5.4;       9.4;      13.8;      17.1;      18.8;      18.3;      14.8;        10;       4.9;       1.9;       9.8;
      2856;1961-1990;        46;       -.6;        .3;       3.7;       8.1;      13.3;      16.7;      18.1;      17.5;      13.9;       9.4;       4.4;         1;       8.8;
      2857;1961-1990;        46;       -.3;        .5;       3.8;       7.9;      12.6;      15.7;      17.4;      16.9;      13.6;       9.2;       4.2;         1;       8.5;
      2861;1961-1990;        42;       1.2;       1.5;       3.7;       6.7;        11;      14.3;      16.1;      16.6;      14.3;      10.5;         6;       2.6;       8.7;
      2872;1961-1990;        46;       1.2;       1.6;       4.2;       7.5;      12.2;      15.2;      16.5;      16.4;      13.6;       9.8;       5.3;       2.4;       8.8;
      2878;1961-1990;        51;         0;        .8;       4.2;       8.4;      13.4;      16.9;      18.4;      17.9;      14.3;       9.7;       4.7;       1.3;       9.2;
      2879;1961-1990;        42;       -.3;       1.1;       4.6;       8.7;      13.1;      16.6;      18.2;      17.4;      14.1;       9.1;       4.4;        .9;         9;
      2886;1961-1990;        46;      -1.3;         0;       3.4;       7.3;      11.9;      15.1;      17.1;      16.4;      13.2;       8.5;       3.2;       -.2;       7.9;
      2889;1961-1990;        42;        -1;       -.3;       2.7;       6.5;      11.5;      14.5;      15.9;      15.6;      12.3;       8.4;       3.5;        .3;       7.5;
      2905;1961-1990;        46;      -1.6;       -.4;       3.2;       7.1;      11.8;        15;        17;      16.3;      13.2;       8.3;       3.1;       -.5;       7.7;
      2906;1961-1990;        46;        .4;        .6;       2.7;       6.1;      10.9;      14.3;      15.7;      15.6;      12.8;       9.3;         5;       1.8;       7.9;
      2907;1961-1990;        42;        .3;        .6;       2.7;         6;      10.8;      14.3;      15.7;      15.6;      12.8;       9.3;         5;       1.8;       7.9;
      2912;1961-1990;        42;        .7;        .8;         3;       6.2;        11;      14.6;      15.9;      15.9;      13.1;       9.6;       5.3;       2.2;       8.2;
      2915;1961-1990;        46;      -3.3;      -2.3;        .8;         5;       9.9;      13.3;      14.7;      14.3;      11.2;       6.9;       1.3;      -1.9;       5.8;
      2920;1961-1990;        42;      -2.5;       -.7;       3.4;       7.8;      12.8;      15.5;      17.2;      16.7;      13.3;       8.1;       2.8;       -.8;       7.8;
      2923;1961-1990;        42;        -2;        -1;       2.2;       5.8;      10.5;      13.8;      15.7;        15;      12.1;       7.6;       2.4;        -1;       6.8;
      2925;1961-1990;        51;      -1.3;       -.6;       2.6;       6.6;      11.5;      14.5;      16.1;        16;      12.9;       8.6;       3.4;         0;       7.5;
      2928;1961-1990;        42;       -.1;        .7;       4.2;       8.4;      13.3;      16.6;      18.2;      17.7;      14.3;       9.9;       4.8;       1.3;       9.1;
      2931;1961-1990;        46;       -.3;        .6;       4.1;       8.2;      13.1;      16.5;      18.1;      17.8;      14.3;       9.8;       4.7;       1.2;         9;
      2932;1961-1990;        42;       -.4;        .3;       3.8;         8;      12.9;      16.2;      17.9;      17.7;      14.2;       9.6;       4.5;         1;       8.8;
      2947;1961-1990;        51;        .1;        .8;       3.5;       6.6;      11.5;      14.5;      16.1;      15.5;      12.3;       8.8;       4.1;       1.3;       7.9;
      2949;1961-1990;        51;      -1.1;       -.4;       2.6;       6.3;      10.7;      13.7;      15.9;      15.5;      12.8;       8.5;       3.1;       -.1;       7.3;
      2950;1961-1990;        51;        .1;        .3;         3;       6.3;      11.4;      15.1;      16.6;      16.3;      13.2;       9.3;       5.1;       1.9;       8.2;
      2951;1961-1990;        46;       -.2;        .5;       3.6;       7.5;      12.6;      15.9;      17.2;      16.9;      13.5;       9.3;       4.6;       1.4;       8.6;
      2953;1961-1990;        51;      -1.8;       -.9;       1.2;       4.7;       9.1;      12.6;      14.6;      13.8;      11.2;         7;         2;       -.9;       6.1;
      2963;1961-1990;        42;        .9;       1.7;       5.3;       9.2;      13.9;      17.4;      19.1;      18.8;      15.5;      10.7;       5.7;       2.3;        10;
      2968;1961-1990;        51;       2.7;       3.6;       6.4;       9.9;      14.2;      17.3;      18.8;      18.6;      15.3;      11.4;       6.5;       3.8;      10.7;
      2985;1961-1990;        42;      -1.7;       -.6;       2.7;       7.3;      12.2;      15.3;      16.8;      16.4;      13.2;       8.6;       3.3;       -.4;       7.8;
      2996;1961-1990;        46;       -.4;        .4;       3.2;       6.7;      11.1;      14.3;      16.4;      15.7;      12.8;       8.6;       3.6;        .6;       7.8;
      3001;1961-1990;        42;        .4;       1.5;       4.9;       8.5;      12.7;      15.8;      17.8;        17;      13.9;       9.3;       4.2;       1.5;       8.9;
      3004;1961-1990;        51;        .3;       1.2;       4.8;       8.5;        13;      16.2;      17.8;      17.2;      13.9;       9.3;       4.6;       1.5;       9.1;
      3007;1961-1990;        46;       1.4;       2.6;         6;       9.8;      14.3;      17.5;      19.4;      18.7;      15.3;      10.4;       5.3;       2.3;      10.3;
      3015;1961-1990;        51;      -1.2;         0;       3.6;         8;      13.3;      16.6;        18;      17.6;      14.1;       9.4;       4.3;        .4;       8.7;
      3016;1961-1990;        42;      -2.2;        -1;         2;       6.1;      10.8;      14.1;      16.3;      15.5;      12.6;       7.8;       2.3;      -1.4;       6.9;
      3017;1961-1990;        42;        .2;       1.8;       4.9;       8.7;      13.2;      16.3;        18;      17.7;      14.6;      10.6;       4.9;       1.6;       9.4;
      3018;1961-1990;        42;       -.7;        .5;       3.6;       7.2;      11.5;      14.6;      16.4;      15.9;        13;       8.8;       3.6;        .5;       7.9;
      3023;1961-1990;        51;       1.5;       2.1;       4.8;       8.2;      12.9;      15.9;      17.2;      16.9;      14.1;      10.2;       5.5;       2.7;       9.4;
      3028;1961-1990;        51;        .8;       1.5;       4.2;       7.8;      12.5;      15.4;        17;      16.9;      13.7;        10;       5.2;       2.1;         9;
      3031;1961-1990;        42;       1.6;       1.9;       4.7;       8.1;      12.6;      15.6;      17.2;        17;      13.9;      10.3;       5.6;       2.7;       9.3;
      3032;1961-1990;        42;         1;        .9;       2.7;         6;      10.8;      14.2;      15.7;      16.2;      13.9;      10.4;       6.1;       2.8;       8.4;
      3034;1961-1990;        44;      -2.3;      -1.7;       1.6;       5.6;      10.6;        14;      15.5;      14.8;      11.7;       7.4;       2.4;        -1;       6.5;
      3042;1961-1990;        46;       -.6;        .3;       3.4;       7.2;      11.7;      14.9;      16.6;        16;      12.8;       8.5;       3.5;        .6;       7.9;
      3044;1961-1990;        51;       1.2;       1.7;       4.5;       7.9;      12.6;      15.7;        17;      16.9;      13.7;       9.9;       5.4;       2.4;       9.1;
      3045;1961-1990;        46;       1.2;       1.6;       4.3;       7.7;      12.4;      15.4;      16.7;      16.6;      13.6;       9.8;       5.2;       2.3;       8.9;
      3056;1961-1990;        51;       -.2;        .8;       4.2;       8.3;      12.8;      16.3;        18;      17.2;      13.5;       8.9;       4.1;       1.2;       8.8;
      3062;1961-1990;        42;         1;       1.7;       4.9;       8.7;      12.9;      16.4;        18;      17.2;      14.2;       9.7;       5.3;       2.3;       9.3;
      3076;1961-1990;        46;       1.4;       2.6;         6;       9.9;      14.4;      17.5;      19.4;      18.7;      15.3;      10.4;       5.3;       2.3;      10.3;
      3082;1961-1990;        46;       -.7;        .3;       3.9;       8.2;      13.5;      16.8;      18.2;      17.8;        14;       9.6;       4.5;        .9;       8.9;
      3083;1961-1990;        46;       -.7;        .3;       3.8;       8.1;      13.4;      16.7;      18.2;      17.7;        14;       9.5;       4.5;        .9;       8.9;
      3085;1961-1990;        42;        .4;         1;       3.7;       7.3;      12.2;      15.8;      17.1;        17;      13.9;       9.9;       5.2;       1.9;       8.8;
      3086;1961-1990;        42;       -.3;        .2;         3;       6.6;      11.6;        15;      16.5;      16.4;      13.1;       9.1;       4.4;       1.4;       8.1;
      3088;1961-1990;        42;        .5;         1;       3.6;       7.2;      12.1;      15.8;      17.2;        17;      13.9;        10;       5.3;         2;       8.8;
      3093;1961-1990;        42;       -.1;        .5;       3.7;       7.6;      12.7;      15.9;      17.2;      16.9;      13.5;       9.3;       4.6;       1.4;       8.6;
      3096;1961-1990;        51;        .1;        .8;       3.3;       6.7;      11.2;      14.2;      15.8;      15.6;      12.8;       9.2;         4;       1.2;       7.9;
      3098;1961-1990;        42;        .9;        .7;       3.4;       6.8;      10.9;      14.2;        16;      15.9;      12.5;       9.1;       4.2;       1.3;         8;
      3101;1961-1990;        42;       1.6;       2.3;         5;       8.4;      12.8;      15.8;      17.3;        17;      13.9;       9.9;       5.8;       3.1;       9.4;
      3103;1961-1990;        51;        .5;       1.1;       3.9;       7.6;      12.7;        16;      17.2;      16.9;      13.7;       9.7;       5.1;       1.9;       8.9;
      3113;1961-1990;        46;      -1.8;       -.9;       2.1;         6;      10.9;        14;      15.7;      15.4;      12.2;       7.8;       2.7;       -.6;         7;
      3126;1961-1990;        51;       -.1;        .7;       4.2;       8.4;      13.5;      16.6;        18;      17.8;      14.2;       9.7;       4.8;       1.4;       9.1;
      3135;1961-1990;        42;        -1;         0;       3.3;         7;      11.7;      14.8;      16.8;      16.1;      12.9;       8.4;       3.2;         0;       7.8;
      3137;1961-1990;        51;        .7;         2;       5.4;       9.4;        14;        17;      18.8;      18.1;      14.9;       9.9;       4.8;       1.8;       9.7;
      3139;1961-1990;        42;      -1.8;       -.4;       3.3;       7.5;      12.1;      15.3;      17.2;      16.6;      13.7;       8.5;       3.1;       -.5;       7.9;
      3147;1961-1990;        51;      -2.2;       -.4;       3.8;       8.2;        13;      16.2;      17.8;      17.2;      13.6;       8.4;       3.2;       -.6;       8.2;
      3155;1961-1990;        51;       -.3;        .4;       3.2;       6.5;        11;      14.1;      15.9;      15.4;      12.2;       8.3;       3.4;        .7;       7.6;
      3158;1961-1990;        42;      -1.2;       -.4;       3.4;       7.9;        13;      16.5;      17.8;      17.4;      13.8;       9.1;       4.2;        .8;       8.5;
      3160;1961-1990;        42;       -.6;         0;       3.3;       7.2;      12.2;      15.5;        17;      16.6;      13.2;       8.8;       4.1;        .7;       8.2;
      3164;1961-1990;        51;         0;         1;       4.3;       8.1;      12.6;      16.1;      17.6;        17;      13.4;         9;       3.9;       1.2;       8.7;
      3166;1961-1990;        42;      -2.4;      -1.9;        .7;       5.1;       9.9;        13;      14.7;      14.1;      11.3;       7.1;       1.8;      -1.5;         6;
      3167;1961-1990;        42;      -1.6;       -.9;       2.2;       5.8;      10.6;      13.4;      15.3;        15;      11.9;       7.8;       2.6;       -.3;       6.8;
      3196;1961-1990;        51;       -.7;        .1;         3;         7;      12.2;      15.6;      16.8;      16.6;      13.3;       9.1;       4.3;         1;       8.2;
      3204;1961-1990;        46;      -1.5;       -.7;       2.5;       6.5;      11.3;      14.5;      16.2;      15.8;      12.7;       8.2;       3.1;       -.2;       7.4;
      3211;1961-1990;        46;      -3.6;      -2.4;        .5;       4.6;       9.4;      12.4;      14.1;      13.8;      10.8;       6.6;       1.1;      -2.2;       5.4;
      3212;1961-1990;        51;        .9;       1.7;       4.8;       8.3;      12.4;      15.8;      17.3;        17;      13.4;       9.3;       4.5;         2;         9;
      3222;1961-1990;        46;         1;       1.5;       4.4;         8;      12.7;      15.7;      17.1;        17;        14;        10;       5.3;       2.3;       9.1;
      3223;1961-1990;        42;       -.2;       1.1;       4.5;       8.3;      12.7;        16;      18.2;      17.5;      14.6;       9.6;       4.3;        .8;       8.9;
      3226;1961-1990;        46;       -.2;        .5;       3.8;       7.8;      12.8;      16.1;      17.6;      17.1;      13.8;       9.4;       4.5;       1.1;       8.7;
      3228;1961-1990;        42;       -.9;         0;       2.4;       6.1;      10.5;      13.4;        15;      14.9;        12;         8;       3.2;        .2;       7.1;
      3231;1961-1990;        42;      -2.2;      -1.2;       2.2;       6.3;      11.1;      14.1;      15.8;      15.5;      12.2;       7.6;       2.3;       -.9;       6.9;
      3234;1961-1990;        51;       -.7;        .4;       3.7;       7.8;      12.6;      15.9;      17.4;        17;      13.8;       9.3;       4.1;        .9;       8.5;
      3236;1961-1990;        42;         1;       1.5;       4.2;       7.8;      12.6;      15.5;        17;      16.6;      13.4;       9.5;       5.1;       2.1;       8.9;
      3244;1961-1990;        51;      -1.6;       -.4;       2.9;       6.7;      11.3;      14.5;      16.5;      15.7;      12.8;       8.1;       2.9;       -.7;       7.4;
      3245;1961-1990;        46;      -1.7;       -.5;       2.9;       6.7;      11.4;      14.8;      16.8;        16;      12.9;       8.1;       2.8;       -.8;       7.5;
      3246;1961-1990;        46;       1.3;       2.1;       5.2;       8.7;      13.2;      16.3;        18;      17.4;      14.3;        10;       5.1;       2.3;       9.5;
      3253;1961-1990;        42;      -2.5;      -1.5;        .9;       4.2;       8.8;      12.1;      13.9;      13.2;      10.5;       6.5;       1.7;      -1.8;       5.5;
      3254;1961-1990;        46;       1.4;       1.8;       4.5;       7.8;      12.5;      15.5;      16.9;      16.7;      13.8;        10;       5.4;       2.5;       9.1;
      3257;1961-1990;        51;       -.5;        .7;       4.1;       8.1;      12.7;        16;      17.8;      17.2;      13.7;       8.9;       3.9;        .8;       8.7;
      3265;1961-1990;        46;       -.8;        .2;       3.4;       7.2;      11.8;      14.9;      16.7;      16.2;        13;       8.5;       3.4;        .4;       7.9;
      3268;1961-1990;        46;      -2.3;      -1.4;       1.4;       4.8;       9.4;      12.6;      14.7;        14;      11.3;         7;       1.8;      -1.3;         6;
      3271;1961-1990;        51;      -2.6;       -.7;       3.1;         8;      12.6;      15.6;      17.1;      16.4;        13;         8;       2.9;        -1;       7.7;
      3278;1961-1990;        46;       -.2;       1.1;       4.4;       8.3;      12.6;      15.7;      17.7;      16.9;      13.8;       9.1;         4;        .8;       8.7;
      3284;1961-1990;        46;        .3;       1.5;       4.8;       8.6;      13.1;      16.3;      18.1;      17.4;      14.2;       9.5;       4.5;       1.4;       9.1;
      3287;1961-1990;        42;      -1.1;        .3;       3.4;       7.2;      11.6;      14.7;      16.6;      16.4;      13.3;       8.6;       3.1;         0;       7.8;
      3289;1961-1990;        46;      -1.3;       -.5;       2.8;       6.7;      11.5;      14.8;      16.4;      15.9;      12.8;       8.6;       3.5;        .3;       7.6;
      3291;1961-1990;        42;        .7;       1.6;       4.9;       8.5;      12.9;      16.2;      17.9;      17.3;      14.1;       9.6;       4.8;       1.8;       9.2;
      3300;1961-1990;        42;        .3;       1.5;       4.8;       8.7;      13.4;      16.5;      18.1;      17.5;      14.3;       9.9;       4.6;       1.5;       9.3;
      3307;1961-1990;        51;      -1.9;       -.9;       1.7;       5.2;       9.9;      12.9;      14.9;      14.2;      11.8;         8;       2.6;      -1.1;       6.4;
      3313;1961-1990;        42;       -.6;        .3;       3.6;       7.3;      11.8;      14.8;      16.8;      16.5;      13.7;       9.2;       3.5;        .3;       8.1;
      3317;1961-1990;        42;       -.3;        .6;       3.4;       7.3;      12.4;      15.7;      16.9;      16.5;        13;       9.1;       4.6;       1.3;       8.4;
      3319;1961-1990;        46;         0;         1;       4.4;       8.3;      12.7;      15.9;      17.7;      17.1;      13.8;       9.2;       4.2;       1.1;       8.8;
      3320;1961-1990;        46;       2.2;       2.9;       5.6;       8.9;      13.3;      16.2;      17.8;      17.5;      14.5;      10.8;         6;       3.3;       9.9;
      3340;1961-1990;        46;         0;        .8;       3.9;       7.6;      12.1;      15.3;      16.8;      16.3;      13.1;       8.8;         4;       1.3;       8.3;
      3348;1961-1990;        46;       -.5;        .1;       3.1;       6.9;      11.6;      14.7;      16.1;      15.8;      12.8;       8.8;       3.8;        .8;       7.8;
      3362;1961-1990;        42;         0;       1.1;       4.4;         8;      12.3;      15.7;      17.6;      16.8;      13.6;         9;       4.1;       1.1;       8.6;
      3366;1961-1990;        51;      -2.1;       -.3;       3.2;       7.6;      12.2;      15.7;      17.4;      16.7;        13;         8;       2.9;       -.8;       7.9;
      3370;1961-1990;        46;       -.9;       -.2;       2.9;       6.8;      11.6;      14.8;      16.3;      15.8;      12.7;       8.6;       3.6;        .4;       7.7;
      3376;1961-1990;        51;      -1.4;       -.5;       2.9;       7.5;      12.9;      16.3;      17.7;      17.1;      13.4;       8.8;         4;        .4;       8.3;
      3379;1961-1990;        42;       -.5;         1;       4.6;       8.7;      13.3;      16.5;      18.7;      17.9;      14.9;       9.8;       4.2;        .7;       9.1;
      3382;1961-1990;        46;      -1.5;       -.1;       3.6;       7.6;      12.3;      15.6;      17.6;      16.9;      13.8;       8.8;       3.3;       -.3;       8.1;
      3383;1961-1990;        46;      -1.5;       -.1;       3.5;       7.6;      12.3;      15.5;      17.4;      16.7;      13.6;       8.6;       3.3;       -.3;       8.1;
      3385;1961-1990;        51;      -1.1;        .1;       3.8;       7.9;      12.5;      15.3;      17.4;      16.7;      13.7;       8.7;       3.5;         0;       8.2;
      3388;1961-1990;        46;      -1.6;       -.2;       3.3;       7.4;      12.1;      15.3;      17.3;      16.6;      13.5;       8.5;       3.1;       -.5;       7.9;
      3390;1961-1990;        51;      -1.7;       -.4;       3.4;       7.5;      12.3;      15.4;      17.6;      16.9;      13.8;       8.6;       3.1;       -.5;         8;
      3402;1961-1990;        51;      -2.4;      -1.2;       1.9;       5.8;      10.4;      13.5;      15.5;      14.7;      11.6;       7.4;         2;      -1.3;       6.5;
      3404;1961-1990;        51;       1.5;       2.1;       4.8;       8.3;      12.8;      15.7;      17.2;      16.9;      13.9;      10.1;       5.5;       2.7;       9.3;
      3425;1961-1990;        51;       -.7;        .5;       3.6;       7.4;      11.9;      15.1;      16.9;      16.1;        13;       8.6;       3.6;        .3;         8;
      3426;1961-1990;        46;        -1;        .1;       3.7;         8;      13.2;      16.6;        18;      17.5;      13.9;       9.4;       4.3;        .6;       8.7;
      3432;1961-1990;        51;       -.8;        .4;       3.4;       7.1;      11.6;      14.9;      16.8;      16.1;      12.8;       8.4;       3.4;        .3;       7.9;
      3442;1961-1990;        51;        .4;       1.4;       4.9;       8.9;      13.4;      16.8;      18.5;      17.8;      14.3;       9.5;       4.5;       1.5;       9.3;
      3478;1961-1990;        42;      -1.3;       -.5;       2.6;       6.7;      11.8;      15.4;      16.7;      16.7;      13.2;       8.9;       3.9;        .5;       7.9;
      3484;1961-1990;        46;      -1.8;       -.3;       3.5;       7.7;      12.5;      15.7;      17.3;      16.7;      13.2;       8.1;         3;       -.6;       7.9;
      3485;1961-1990;        46;      -1.3;         0;       3.5;       7.4;        12;      15.2;      17.1;      16.4;      13.2;       8.4;       3.2;       -.2;       7.9;
      3486;1961-1990;        51;        .3;       1.7;       5.1;       9.1;      13.6;      16.7;      18.5;      17.9;      14.5;       9.7;       4.5;       1.4;       9.4;
      3490;1961-1990;        51;       1.8;       2.4;       5.5;       8.8;      13.3;      16.4;      17.9;      17.4;      14.3;       9.9;       5.5;       2.6;       9.6;
      3509;1961-1990;        42;      -1.1;       -.3;       2.7;       6.8;      12.3;      15.8;      17.1;      16.5;        13;       8.8;         4;        .6;         8;
      3512;1961-1990;        42;        -4;      -3.1;         0;       3.9;       8.7;        12;      13.5;      13.3;      10.5;       6.1;        .5;      -2.8;       4.9;
      3513;1961-1990;        42;      -3.7;        -3;       -.3;       3.6;       8.5;      11.6;      13.3;      13.2;      10.2;       6.2;        .5;      -2.8;       4.8;
      3518;1961-1990;        42;      -2.7;      -1.4;       1.8;       5.6;      10.2;      13.4;      15.5;        15;      11.9;       7.4;       1.7;      -1.8;       6.4;
      3519;1961-1990;        46;      -1.5;       -.2;         3;       6.7;      11.2;      14.4;      16.5;      15.8;      12.8;       8.2;       2.8;       -.5;       7.4;
      3527;1961-1990;        51;      -2.2;      -1.3;       1.9;         6;      10.7;      13.6;      15.3;      15.1;        12;       7.6;       2.2;       -.9;       6.7;
      3537;1961-1990;        51;        .3;        .8;       3.4;         7;        12;      15.4;      16.6;      16.3;      13.1;       9.3;       4.9;       1.6;       8.4;
      3540;1961-1990;        46;       1.1;       1.8;       4.6;         8;      12.4;      15.4;        17;      16.5;      13.5;       9.7;         5;       2.2;       8.9;
      3541;1961-1990;        42;       1.2;         2;       4.9;       8.1;      12.8;      15.5;      17.2;      16.7;      13.6;        10;       5.2;       2.5;       9.1;
      3545;1961-1990;        42;        .6;       1.6;       4.7;       8.4;      13.1;      16.3;      18.1;      17.1;      13.7;       9.4;       4.5;       1.7;       9.1;
      3552;1961-1990;        51;       -.8;         0;       3.1;       7.5;      12.8;      16.2;      17.5;      17.3;      13.7;       9.4;       4.5;        .9;       8.5;
      3565;1961-1990;        51;        -1;        .2;       3.8;       7.8;      12.6;      15.8;      17.5;      16.9;      13.5;       8.6;       3.5;        .3;       8.3;
      3571;1961-1990;        46;      -2.3;       -.9;       2.6;       6.8;      11.8;      14.9;      16.5;      15.9;      12.5;       7.7;       2.5;       -.9;       7.2;
      3575;1961-1990;        46;       1.3;       2.5;       5.8;       9.6;      14.1;      17.3;      19.2;      18.6;      15.2;      10.4;       5.3;       2.4;      10.1;
      3576;1961-1990;        42;       1.3;       2.4;       5.8;       9.6;      14.1;      17.3;      19.1;      18.5;      15.2;      10.2;       5.1;       2.3;      10.1;
      3577;1961-1990;        42;      -1.1;       -.3;       2.7;       6.9;      12.1;      15.6;      16.9;      16.5;      12.9;       8.7;         4;        .6;         8;
      3578;1961-1990;        42;      -2.3;       -.5;       3.7;       8.5;      13.3;      16.6;      18.2;      17.5;      13.8;       8.4;       3.1;       -.7;       8.3;
      3590;1961-1990;        51;        .3;       1.4;         5;       8.8;      13.3;      16.3;      17.9;      17.4;      14.1;       9.3;       4.4;       1.4;       9.1;
      3591;1961-1990;        46;        .6;       1.1;       3.8;       6.9;      11.3;      14.3;        16;      15.7;        13;       9.4;       4.4;       1.7;       8.2;
      3595;1961-1990;        42;       -.2;        .6;       3.7;       7.3;      12.1;      15.3;      16.7;      16.1;      12.8;       8.6;       3.9;       1.1;       8.2;
      3603;1961-1990;        46;      -1.1;         0;       3.3;       7.2;      11.7;      14.9;      16.7;      16.2;      12.9;       8.3;       3.3;        .1;       7.8;
      3605;1961-1990;        42;      -2.1;       -.7;         3;       7.2;      11.7;      14.9;      16.6;      15.9;      12.7;       7.9;       2.7;       -.7;       7.4;
      3612;1961-1990;        51;        .9;       1.5;       4.2;       7.9;      12.7;      15.8;      17.1;      16.8;      13.8;       9.8;       5.2;       2.2;         9;
      3621;1961-1990;        51;      -1.7;       -.4;       3.4;       7.5;      12.2;      15.3;      17.1;      16.4;      13.2;       8.2;         3;       -.4;       7.8;
      3623;1961-1990;        46;         2;       2.7;       5.4;       8.7;      13.2;      16.1;      17.7;      17.3;      14.4;      10.5;       5.8;       3.1;       9.7;
      3631;1961-1990;        42;       1.6;       1.8;         4;       6.9;      11.2;      14.4;      16.3;      16.8;      14.5;      10.8;       6.3;       3.2;         9;
      3639;1961-1990;        46;        .8;       1.2;       3.6;       6.9;      11.7;      14.9;      16.3;      16.4;      13.8;       9.9;       5.4;       2.2;       8.6;
      3640;1961-1990;        51;       1.5;         2;       4.6;         8;      12.7;      15.7;        17;      16.8;      13.8;       9.9;       5.4;       2.6;       9.2;
      3658;1961-1990;        42;        .5;       1.2;       3.8;       7.2;      11.8;      14.7;      16.5;      16.2;      13.2;       9.2;       4.3;       1.4;       8.3;
      3659;1961-1990;        51;      -1.3;       -.7;       2.1;       5.5;        10;      13.1;      14.8;      14.7;      11.9;       7.9;       2.7;       -.3;       6.7;
      3660;1961-1990;        42;       -.2;        .2;         3;       6.3;      10.6;      13.8;      15.6;      15.5;      12.6;       8.5;       3.5;        .7;       7.5;
      3666;1961-1990;        42;       -.8;        .5;       4.1;       8.2;        13;      16.1;      17.8;      17.2;      13.9;       9.1;       3.8;        .4;       8.6;
      3667;1961-1990;        42;      -1.2;         0;       3.3;       7.3;      12.2;      15.6;      17.2;      16.5;        13;       8.3;       3.4;         0;         8;
      3668;1961-1990;        51;       -.9;        .4;         4;       8.1;        13;      16.3;        18;      17.3;      13.7;       8.9;       3.8;        .5;       8.6;
      3671;1961-1990;        42;         0;       1.4;       4.7;       8.6;      12.7;      15.9;      17.7;        17;      13.8;       9.1;       4.1;         1;       8.8;
      3672;1961-1990;        46;       -.6;        .6;       3.7;       7.4;      11.9;      15.1;        17;      16.4;      13.3;       8.8;       3.6;        .5;       8.2;
      3679;1961-1990;        42;      -2.8;       -.8;       3.1;       7.7;      12.4;      15.4;      17.2;      16.5;      13.7;       8.6;       2.9;      -1.9;       7.7;
      3694;1961-1990;        46;      -3.5;      -2.9;       -.1;       3.8;       8.7;      11.9;      13.5;      13.3;      10.4;       6.3;        .8;      -2.4;         5;
      3702;1961-1990;        42;        .1;       1.2;         4;       7.5;      11.6;      14.9;        17;      16.4;      13.6;       9.3;       4.1;       1.1;       8.4;
      3705;1961-1990;        42;       -.8;        .4;       3.3;         7;      11.5;      14.8;      16.8;      15.8;      12.9;       8.7;       3.4;        .2;       7.8;
      3722;1961-1990;        42;      -1.9;       -.5;       3.3;       7.5;      12.2;      15.4;      17.3;      16.7;      13.3;       8.2;       2.9;       -.6;       7.8;
      3727;1961-1990;        42;      -2.7;      -1.4;       1.5;       5.3;      10.2;      13.4;      15.7;      14.7;      12.1;       7.6;       1.9;      -2.2;       6.3;
      3730;1961-1990;        51;      -3.6;      -2.4;        .9;       4.8;       9.9;      13.2;      15.2;      14.4;      11.7;       7.2;       1.3;      -2.8;       5.8;
      3734;1961-1990;        46;        .5;       1.9;       5.2;         9;      13.5;      16.6;      18.5;      17.7;      14.4;       9.8;       4.8;       1.6;       9.5;
      3735;1961-1990;        46;      -1.9;       -.2;       3.5;       7.7;      12.4;      15.6;      17.4;      16.7;      13.5;       8.5;       3.2;       -.6;         8;
      3739;1961-1990;        51;      -2.8;      -1.5;       2.1;       6.5;      11.3;      14.5;        16;      15.4;      12.1;       7.4;       2.1;      -1.4;       6.9;
      3744;1961-1990;        46;       -.2;        .5;       3.5;       7.2;      11.9;        15;      16.3;        16;        13;       8.9;       4.2;       1.1;       8.1;
      3751;1961-1990;        46;      -1.7;       -.4;       2.9;       6.8;      11.4;      14.6;      16.6;      15.8;      12.9;       8.2;       2.8;       -.6;       7.4;
      3752;1961-1990;        46;      -4.1;      -3.5;       -.6;       3.3;       8.3;      11.5;      13.2;      12.9;        10;       5.8;        .1;      -2.9;       4.5;
      3753;1961-1990;        51;         2;       2.3;         5;       8.3;      13.3;        16;      17.6;      17.3;      14.2;      10.3;       5.7;       3.2;       9.5;
      3761;1961-1990;        51;        .3;       1.5;       4.9;       8.8;      13.3;      16.4;      18.3;      17.6;      14.3;       9.7;       4.6;       1.4;       9.3;
      3776;1961-1990;        42;       1.4;       2.6;       5.8;        10;      14.4;      17.6;      19.4;      18.8;      15.2;      10.3;       5.3;       2.2;      10.3;
      3777;1961-1990;        51;       1.4;       2.7;       6.4;      10.1;      14.3;      17.2;      19.2;      18.5;      15.6;      10.7;       5.6;       2.4;      10.3;
      3788;1961-1990;        46;      -1.7;       -.5;       3.1;       7.3;      12.3;      15.6;        17;      16.5;      13.2;       8.9;       3.7;         0;       7.9;
      3790;1961-1990;        42;        .7;       1.1;       3.8;       7.5;      12.2;      15.3;      16.6;      16.4;      13.5;       9.6;       5.2;       2.1;       8.7;
      3791;1961-1990;        42;       1.2;       1.7;       4.3;       7.9;      12.5;      15.7;        17;      16.9;      13.8;      10.1;       5.4;       2.4;       9.1;
      3811;1961-1990;        42;       -.6;        .3;       3.7;       7.8;      12.8;      16.2;      17.7;      17.3;      13.8;       9.3;       4.5;         1;       8.6;
      3815;1961-1990;        42;       1.2;       1.7;       4.5;         8;      12.6;      15.7;      17.1;      16.9;      13.9;        10;       5.3;       2.4;       9.1;
      3818;1961-1990;        46;       -.4;        .4;       3.6;       7.6;      12.8;      16.1;      17.4;      17.1;      13.6;       9.3;       4.5;       1.2;       8.6;
      3821;1961-1990;        42;       -.8;         0;       3.4;       7.2;      12.2;      15.4;      17.2;        17;      13.8;       9.2;       4.1;        .7;       8.3;
      3825;1961-1990;        46;        .1;       1.1;         4;       7.7;      11.9;      15.1;        17;      16.4;      13.2;       8.9;         4;       1.1;       8.4;
      3836;1961-1990;        42;      -1.5;       -.5;       3.1;       7.4;      12.2;      15.4;      16.9;      16.3;      12.9;         8;         3;       -.2;       7.8;
      3856;1961-1990;        51;      -1.2;       -.7;       1.6;         5;       9.7;      12.6;      14.8;      14.4;      12.3;       8.3;         3;       -.1;       6.6;
      3857;1961-1990;        46;      -1.5;       -.8;       2.1;       5.6;      10.1;      13.3;      15.6;      15.1;      12.5;       8.3;       2.9;       -.3;       6.9;
      3867;1961-1990;        46;       1.1;       1.5;       4.1;       7.3;        12;        15;      16.4;      16.3;      13.6;       9.8;       5.3;       2.3;       8.7;
      3875;1961-1990;        51;      -2.7;      -1.1;         3;       7.3;      11.9;        15;      16.8;      16.2;      12.7;       7.7;       2.2;      -1.2;       7.3;
      3878;1961-1990;        46;      -2.1;       -.1;       3.8;       8.4;      13.2;      16.2;      17.9;      17.2;      13.8;       8.7;       3.2;       -.6;       8.3;
      3879;1961-1990;        51;      -2.4;       -.3;       3.5;         8;      12.8;      15.8;      17.5;      16.8;      13.4;       8.5;       2.9;       -.9;         8;
      3883;1961-1990;        46;      -1.9;      -1.1;       2.2;       6.2;      11.1;      14.4;        16;      15.5;      12.4;         8;       2.9;       -.5;       7.1;
      3897;1961-1990;        42;        .3;        .9;       2.5;         6;        11;      14.7;      16.1;      16.4;      13.7;       9.8;       5.2;       2.2;       8.2;
      3903;1961-1990;        46;       1.7;       2.7;       5.5;         9;      13.2;      16.4;      18.1;      17.5;      14.3;      10.2;       5.3;       2.6;       9.7;
      3904;1961-1990;        51;       1.8;       2.6;       5.4;       8.4;      12.8;      16.1;        18;      17.4;        14;      10.1;       5.1;       2.8;       9.5;
      3915;1961-1990;        46;        -1;         0;       3.4;       7.7;      12.9;      16.4;      17.7;      17.2;      13.6;       9.2;       4.2;        .6;       8.5;
      3922;1961-1990;        42;      -1.6;       -.3;       3.2;       7.2;      11.7;      14.9;      16.6;      16.1;      12.9;       8.2;       3.1;       -.3;       7.6;
      3924;1961-1990;        51;        .8;       1.8;       4.8;       8.4;      12.8;      16.1;        18;      17.2;        14;       9.6;       4.7;       1.7;       9.2;
      3925;1961-1990;        46;        .3;       1.3;       4.4;         8;      12.5;      15.7;      17.6;      16.9;      13.7;       9.2;       4.2;       1.3;       8.7;
      3927;1961-1990;        51;        -2;       -.7;       2.5;       6.3;      10.7;        14;        16;      15.3;      12.3;       7.7;       2.3;        -1;         7;
      3939;1961-1990;        42;        .4;       1.2;         4;       7.4;      11.8;        15;      16.4;      15.5;      12.7;       8.8;         4;       1.3;       8.2;
      3946;1961-1990;        51;      -1.9;       -.9;       2.7;       6.6;      11.4;      14.8;      16.5;      16.1;      12.6;       8.2;         3;       -.4;       7.4;
      3955;1961-1990;        42;        .3;        .6;         3;       6.6;      11.7;      15.3;      16.5;      16.5;      13.5;       9.8;       5.2;       1.9;       8.4;
      3974;1961-1990;        51;      -1.7;       -.5;       2.9;       6.9;      11.4;      14.6;      16.1;      15.4;      12.4;         8;       3.1;       -.2;       7.4;
      3975;1961-1990;        46;      -2.4;      -1.2;       2.1;       6.2;      10.8;        14;      15.5;      14.9;      11.8;       7.5;       2.4;       -.9;       6.7;
      3987;1961-1990;        51;       -.8;        .2;       3.8;       8.1;      13.3;      16.5;      17.9;      17.5;      13.8;       9.3;       4.2;        .7;       8.7;
      3988;1961-1990;        46;       -.8;        .2;       3.7;       8.1;      13.3;      16.7;        18;      17.4;      13.8;       9.4;       4.2;        .7;       8.7;
      4005;1961-1990;        46;      -1.8;       -.4;       3.2;       7.3;        12;      15.2;      17.1;      16.3;      13.4;       8.6;       3.1;       -.7;       7.8;
      4018;1961-1990;        46;      -1.6;       -.3;       3.4;       7.4;      12.1;      15.3;      17.3;      16.7;      13.6;       8.6;       3.1;       -.5;       7.9;
      4024;1961-1990;        51;       -.4;       -.1;       2.3;       5.9;        11;      14.9;      16.5;      16.5;      13.3;       9.3;       4.7;       1.3;       7.9;
      4029;1961-1990;        46;       1.2;       1.7;       4.3;       7.7;      12.4;      15.5;      16.8;      16.6;      13.7;       9.8;       5.3;       2.4;         9;
      4032;1961-1990;        51;        .2;        .7;       3.8;       7.9;      12.8;      16.2;      17.7;      17.1;      14.1;       9.7;       4.9;       1.6;       8.9;
      4036;1961-1990;        46;       -.6;        .2;       3.5;       7.6;      12.5;      15.9;      17.3;        17;      13.6;       9.1;       4.1;        .8;       8.4;
      4038;1961-1990;        46;        .3;        .9;       3.5;         7;      11.8;      15.1;      16.4;      16.1;      13.2;       9.5;       4.9;       1.6;       8.4;
      4039;1961-1990;        42;        .3;        .8;       3.5;         7;      11.7;      15.1;      16.4;      16.1;      13.2;       9.5;       4.9;       1.6;       8.3;
      4053;1961-1990;        42;       -.4;        .8;       4.3;       8.8;      12.9;      16.5;      18.6;      17.6;      14.5;       9.5;       4.3;        .9;         9;
      4063;1961-1990;        51;         1;       1.5;       4.3;       7.8;      12.3;      15.6;      16.9;      16.8;      13.6;       9.8;       5.2;       2.2;         9;
      4066;1961-1990;        42;      -1.6;       -.2;       3.2;         7;      11.6;        15;      16.9;        16;      13.1;         8;         3;       -.5;       7.6;
      4077;1961-1990;        46;       1.5;       2.8;       6.2;       9.8;      14.2;      17.3;      19.4;      18.6;      15.4;      10.6;       5.6;       2.4;      10.3;
      4079;1961-1990;        46;       -.5;        .3;       3.7;       7.8;      12.8;        16;      17.6;      17.1;      13.7;       9.3;       4.1;        .8;       8.6;
      4091;1961-1990;        42;      -3.5;      -3.5;      -1.5;        .9;       5.7;       8.9;      11.1;      10.8;       8.7;       5.9;        .5;      -2.5;       3.4;
      4094;1961-1990;        42;       -.7;        .7;       4.2;       8.2;      12.9;      16.3;      18.1;      17.2;      14.1;       9.3;       3.8;        .2;       8.7;
      4100;1961-1990;        42;       1.9;       2.3;       5.2;       8.5;        13;      15.9;      17.4;      17.2;      14.3;      10.5;       5.6;         3;       9.6;
      4104;1961-1990;        51;        -2;       -.3;       3.9;       8.4;      13.1;      16.3;      18.1;      17.4;      13.6;       8.3;       2.9;       -.6;       8.3;
      4125;1961-1990;        51;       -.5;        .9;       4.5;       8.6;        13;      15.8;      17.6;      17.1;      14.4;       9.5;       4.2;        .5;       8.8;
      4127;1961-1990;        46;        .3;       1.1;       3.8;       7.3;      11.9;      14.8;      16.4;        16;        13;       9.1;       4.2;       1.5;       8.3;
      4149;1961-1990;        46;      -3.1;      -2.4;        .6;       4.5;       9.6;      12.8;      14.4;      14.2;        11;         7;       1.6;      -1.6;       5.7;
      4152;1961-1990;        42;      -1.7;       -.4;       2.7;       6.6;      10.8;      14.1;      16.3;      15.6;      12.8;       8.2;       2.5;       -.5;       7.2;
      4154;1961-1990;        46;        .5;       1.2;       3.7;         7;      11.5;      14.4;        16;      15.7;      12.8;       9.3;       4.3;       1.6;       8.2;
      4156;1961-1990;        42;        .3;        .7;         3;       6.6;      11.4;        15;      16.2;      16.1;        13;       9.4;         5;       1.8;       8.2;
      4157;1961-1990;        42;       -.1;        .7;       4.1;       7.9;      12.2;      15.3;      16.7;      16.3;      13.5;       8.6;       4.3;       1.2;       8.4;
      4160;1961-1990;        46;       -.5;        .6;       3.7;       7.4;      11.8;        15;        17;      16.4;      13.3;       8.9;       3.7;        .6;       8.2;
      4166;1961-1990;        46;       -.3;       1.1;       4.5;       8.3;      12.8;      15.9;      17.9;      17.1;      13.9;       9.3;       4.1;        .9;       8.8;
      4169;1961-1990;        51;        .9;       2.2;       5.8;       9.5;      13.8;      16.9;      18.8;      18.1;      14.7;       9.8;       4.8;       1.8;       9.8;
      4174;1961-1990;        46;       1.6;       2.2;       4.8;       8.2;      12.9;      15.8;      17.2;        17;        14;      10.2;       5.6;       2.8;       9.4;
      4175;1961-1990;        51;       1.1;       2.6;       5.7;       9.3;      13.4;      17.1;      19.1;      18.2;      14.8;      10.5;       5.3;         2;       9.9;
      4177;1961-1990;        42;        .9;       2.1;       5.7;       9.5;      13.8;        17;      19.1;      18.5;        15;        10;       4.9;       1.9;       9.9;
      4189;1961-1990;        46;      -1.2;        .2;       3.4;       7.2;      11.7;      14.9;        17;      16.2;      13.1;       8.5;       3.2;       -.1;       7.8;
      4222;1961-1990;        51;      -1.5;       -.8;       2.6;       6.3;      11.7;      14.9;      16.5;      15.8;      12.6;       8.4;       3.3;        .1;       7.5;
      4233;1961-1990;        46;      -1.5;       -.6;       2.8;       6.6;      11.2;      14.3;      16.1;      15.5;      12.4;         8;       2.8;       -.2;       7.3;
      4240;1961-1990;        42;        .6;        .9;       3.2;       6.2;      10.5;      13.4;      15.2;        15;      12.5;       9.2;       4.3;       1.7;       7.7;
      4261;1961-1990;        51;      -1.5;         0;       3.9;       7.9;      12.4;      15.7;      17.7;      16.8;      13.3;       8.5;       3.4;       -.5;       8.2;
      4271;1961-1990;        51;        .5;        .9;       3.4;       6.6;      11.6;      15.3;      17.1;        17;      14.1;      10.1;       5.6;       2.1;       8.7;
      4275;1961-1990;        51;        .4;         1;       3.7;       7.5;      12.4;      15.5;      16.7;      16.3;      13.3;       9.5;       4.9;       1.8;       8.6;
      4278;1961-1990;        42;      -1.2;        .1;       3.7;       7.8;      12.7;      16.1;      17.8;        17;      13.4;       8.4;       3.3;        .3;       8.3;
      4280;1961-1990;        46;      -1.3;       -.1;       3.5;       7.6;      12.6;      15.9;      17.7;      16.9;      13.3;       8.4;       3.3;        .1;       8.2;
      4287;1961-1990;        51;      -1.1;        .2;       3.5;       7.6;      12.2;      15.3;        17;      16.6;      13.3;       8.7;       3.3;        .1;       8.1;
      4288;1961-1990;        42;         1;       1.7;       4.4;       8.1;      12.7;      15.8;      17.1;      16.9;      13.7;       9.9;       5.1;       2.2;         9;
      4293;1961-1990;        42;      -2.3;      -1.2;         2;       6.1;      10.9;        14;        16;      15.2;      12.3;       7.6;       2.3;      -1.6;       6.8;
      4294;1961-1990;        42;       -.7;        .6;         4;       7.8;      12.2;      15.6;      17.6;      16.7;      13.7;       8.8;       3.4;        .3;       8.3;
      4300;1961-1990;        42;      -1.4;       -.4;       2.7;       6.5;      10.8;      14.2;      16.3;      15.6;      12.4;       7.9;       2.8;       -.5;       7.3;
      4301;1961-1990;        51;         1;         2;       5.5;       9.4;        14;      17.2;      18.9;      18.3;      14.5;       9.7;       4.8;       2.1;       9.8;
      4318;1961-1990;        42;      -2.7;      -1.8;       1.2;         5;       9.9;        13;      14.9;      14.3;      11.6;         7;       1.8;      -1.7;         6;
      4320;1961-1990;        46;        .2;        .6;       3.2;       6.6;      11.5;      15.1;      16.3;      16.2;      13.2;       9.4;       4.9;       1.7;       8.2;
      4323;1961-1990;        42;       -.6;        .5;       3.6;       7.5;      11.9;        15;        17;      16.7;      13.7;         9;       3.4;        .3;       8.2;
      4327;1961-1990;        46;      -3.4;      -2.2;       1.1;       5.1;        10;        13;      14.6;      14.2;      11.2;       6.7;       1.5;      -2.1;       5.8;
      4330;1961-1990;        42;       -.4;        .7;         4;       7.9;      12.2;      15.5;      17.5;      16.8;      13.6;         9;       3.7;        .7;       8.4;
      4332;1961-1990;        46;       -.9;        .2;       3.7;       7.9;      12.8;      15.9;      17.6;      17.1;      13.6;       8.9;       3.9;        .5;       8.4;
      4336;1961-1990;        51;        .1;       1.4;       4.6;       8.1;      12.3;      15.5;      17.4;      16.9;      13.8;       9.4;         4;       1.2;       8.7;
      4339;1961-1990;        51;       1.6;       2.7;       5.9;       9.5;      13.7;      17.1;      18.9;      18.1;      14.8;      10.4;       5.4;       2.5;      10.1;
      4343;1961-1990;        42;       1.4;       2.4;       5.4;         9;      13.4;      16.5;      18.2;      17.6;      14.4;        10;         5;       2.3;       9.6;
      4347;1961-1990;        42;      -1.5;        -1;         2;       6.6;      11.8;      14.7;      15.7;      15.3;        12;       7.7;       2.8;       -.4;       7.2;
      4349;1961-1990;        46;        .5;       1.8;       5.2;         9;      13.4;      16.5;      18.5;      17.8;      14.6;       9.9;       4.7;       1.6;       9.5;
      4350;1961-1990;        51;        .2;       1.9;       4.7;       8.3;      12.9;      15.9;      18.3;      17.4;      14.1;       9.5;         4;       1.3;         9;
      4354;1961-1990;        42;      -3.5;      -1.6;       1.8;       7.1;      11.7;      14.7;      16.4;      15.6;      12.3;       7.2;       2.1;      -1.9;       6.8;
      4364;1961-1990;        51;        .9;         1;       4.3;       7.8;      13.1;      16.1;      17.7;      17.5;      13.8;       9.9;         5;       2.2;       9.1;
      4367;1961-1990;        46;       -.1;        .6;       3.3;         7;      11.7;      14.8;      16.1;        16;      12.9;         9;       4.3;       1.2;       8.1;
      4371;1961-1990;        51;         1;       1.6;       4.5;       8.1;      12.7;      15.5;        17;      16.7;      13.6;       9.8;       5.2;       2.2;         9;
      4373;1961-1990;        46;       -.1;        .6;       3.7;       7.8;      12.9;      16.2;      17.4;        17;      13.6;       9.3;       4.7;       1.4;       8.7;
      4377;1961-1990;        51;      -1.8;       -.7;       2.6;       6.3;      11.3;      14.2;      16.1;      15.9;      12.6;       8.1;       2.2;       -.3;       7.2;
      4381;1961-1990;        42;       -.9;         0;       3.4;       7.6;      12.6;      15.8;      17.3;      16.9;      13.4;       8.9;       3.8;        .5;       8.3;
      4386;1961-1990;        51;      -2.3;      -1.2;       1.3;       5.1;       9.9;      13.4;      15.4;      14.5;      11.2;       6.7;       1.6;      -1.5;       6.2;
      4390;1961-1990;        51;       -.9;       -.3;       2.1;       5.4;      10.1;      13.1;      15.6;      14.9;      12.3;       8.5;       3.2;        .4;         7;
      4391;1961-1990;        46;        .3;        .7;       3.2;       6.7;      11.5;      14.8;      16.1;      16.1;      13.3;       9.5;       5.1;       1.8;       8.3;
      4393;1961-1990;        42;        .7;        .9;       3.1;       6.5;      11.3;      14.8;      16.3;      16.5;      13.9;      10.1;       5.6;       2.4;       8.5;
      4396;1961-1990;        46;       -.1;        .9;       3.8;       7.4;      11.8;        15;      16.9;      16.3;      13.1;       8.8;       3.8;        .8;       8.2;
      4397;1961-1990;        42;        .1;         1;       3.8;       7.7;      11.8;        15;      16.9;      16.4;      13.1;       8.8;       3.9;        .8;       8.3;
      4401;1961-1990;        46;       1.4;       1.9;       4.7;       8.1;      12.7;      15.7;      17.3;        17;      13.9;      10.1;       5.5;       2.6;       9.2;
      4411;1961-1990;        42;        .5;       1.5;         5;       8.6;      13.1;      16.3;      17.9;      17.4;      14.1;       9.5;       4.7;       1.8;       9.2;
      4419;1961-1990;        51;        .8;       2.4;       5.9;       9.8;      14.2;      17.4;      19.5;      18.8;      15.5;      10.3;       5.1;       1.8;      10.1;
      4425;1961-1990;        42;      -1.2;       -.2;       3.3;       6.7;      11.2;        14;      16.2;      15.7;      12.5;       8.4;       2.7;       -.1;       7.4;
      4429;1961-1990;        42;      -1.1;       -.1;       2.5;       5.9;      10.5;      13.7;        16;      15.6;        13;       8.9;       3.3;       -.2;       7.3;
      4433;1961-1990;        42;      -1.3;         0;       3.5;       7.4;        12;      15.5;      17.3;      16.5;      13.3;       8.4;       3.1;       -.4;       7.9;
      4436;1961-1990;        46;       -.9;       -.1;       3.2;         7;      11.8;        15;      16.6;      16.1;      12.8;       8.5;       3.5;        .4;       7.8;
      4438;1961-1990;        46;      -1.4;       -.1;       3.3;       7.5;      12.3;      15.5;      17.1;      16.5;      13.1;       8.3;       3.3;         0;       7.9;
      4442;1961-1990;        42;        .4;        .9;       3.9;       7.6;      12.3;      15.4;      16.8;      16.5;      13.3;       9.5;       4.6;       1.6;       8.6;
      4445;1961-1990;        42;      -2.6;      -2.3;        .1;       3.5;       8.6;      12.3;      13.6;      13.2;      10.1;       6.4;       1.7;      -1.4;       5.3;
      4464;1961-1990;        42;      -2.3;      -1.5;       1.7;       5.8;      10.9;      14.1;      15.5;      15.4;      12.4;       7.9;       2.5;       -.9;       6.9;
      4466;1961-1990;        51;        .2;        .6;         3;       6.4;      11.2;      14.6;      15.8;      15.8;      12.8;       9.2;       4.8;       1.7;         8;
      4468;1961-1990;        42;        .4;        .7;       3.1;       6.4;      11.3;      14.8;      16.1;        16;      13.1;       9.4;         5;       1.8;       8.2;
      4471;1961-1990;        42;      -1.9;      -2.5;       1.7;       5.7;      10.4;      13.6;      15.7;      15.2;      12.5;         8;       2.6;       -.7;       6.7;
      4474;1961-1990;        42;        .8;       1.7;       4.9;       8.7;      13.2;      16.3;        18;      17.4;        14;       9.5;       4.6;       1.8;       9.2;
      4477;1961-1990;        42;      -2.4;      -1.7;        .7;         4;       8.7;      12.2;      14.4;      13.7;      10.9;       6.8;       1.7;      -1.2;       5.6;
      4479;1961-1990;        42;      -1.2;       -.2;       3.2;         7;      11.7;      14.7;      16.4;        16;      12.8;       8.4;       3.2;        .1;       7.7;
      4480;1961-1990;        42;       -.3;        .8;       4.1;       8.2;      12.8;      16.1;      17.5;      16.8;      13.3;       8.7;       4.1;       1.3;       8.6;
      4484;1961-1990;        46;         0;        .6;       3.3;       6.8;      11.7;        15;      16.3;      16.1;        13;       9.2;       4.7;       1.5;       8.2;
      4485;1961-1990;        46;      -1.2;       -.3;         3;       7.1;      11.9;        15;      16.7;      16.2;      12.8;       8.4;       3.3;        .1;       7.8;
      4489;1961-1990;        46;         0;        .4;       3.4;       7.1;        12;      15.3;      16.9;      16.7;      13.4;       9.3;       4.5;       1.3;       8.4;
      4490;1961-1990;        51;         1;         2;       4.8;         8;      12.6;      15.6;      17.5;      16.7;      13.3;       9.5;       4.5;         2;       8.9;
      4501;1961-1990;        42;        -4;      -3.4;       -.8;       3.1;         8;      11.1;      12.8;      12.8;       9.6;       5.7;        .3;        -3;       4.4;
      4505;1961-1990;        42;      -2.9;      -2.2;         1;         5;        10;      13.3;      14.9;      14.3;      11.5;       7.4;       1.8;      -1.7;         6;
      4508;1961-1990;        51;      -1.3;       -.8;       1.7;         5;       9.4;      12.3;      14.1;      13.9;      11.3;       7.5;       2.4;       -.3;       6.3;
      4517;1961-1990;        42;       -.9;         0;       2.7;       6.3;      10.7;      13.8;      15.9;      15.2;      12.5;       8.7;       3.4;        .3;       7.4;
      4548;1961-1990;        46;        -3;        -2;       1.4;       5.5;      10.5;      13.8;      15.3;      14.7;      11.5;         7;       1.8;      -1.6;       6.2;
      4549;1961-1990;        42;      -1.7;      -1.4;        .8;       4.1;       8.6;      11.6;      13.7;      13.6;        11;       7.8;       2.2;       -.7;       5.8;
      4556;1961-1990;        42;      -1.3;       -.8;       1.4;       4.8;       9.3;      12.5;      14.8;      14.2;      11.7;       7.9;       2.7;       -.1;       6.4;
      4557;1961-1990;        51;       -.7;         1;       4.4;       8.3;      12.6;      16.1;      18.2;      17.2;      13.9;         9;       3.6;        .3;       8.7;
      4559;1961-1990;        46;        -2;       -.5;       3.3;       7.7;      12.5;      15.6;      17.4;      16.7;      13.3;       8.3;         3;       -.6;       7.9;
      4560;1961-1990;        51;       -.4;        .8;       3.8;       7.6;      12.2;      15.2;      16.9;      16.5;      13.5;       9.2;       3.8;        .7;       8.3;
      4571;1961-1990;        42;      -1.9;      -1.5;       1.2;       4.7;       9.7;        13;      14.4;      14.1;      11.2;       7.4;       2.4;       -.8;       6.2;
      4576;1961-1990;        46;      -1.2;        .1;       3.6;       7.8;      12.6;      15.9;      17.6;      16.9;      13.4;       8.5;       3.4;        .1;       8.2;
      4581;1961-1990;        51;       -.1;       1.2;       4.2;       8.1;      12.6;      15.6;      17.5;      16.9;        14;       9.5;       4.2;        .9;       8.7;
      4582;1961-1990;        42;       -.5;        .8;       4.2;         8;      12.5;      15.7;      17.5;        17;      13.7;       9.1;       3.9;        .7;       8.6;
      4584;1961-1990;        42;      -2.3;       -.5;       3.2;       7.5;      12.2;      15.4;      17.1;      16.5;      13.1;         8;       2.9;       -.8;       7.7;
      4586;1961-1990;        46;       -.2;        .7;       3.9;       7.6;      12.1;      15.1;      16.8;      16.4;      13.3;       9.1;       3.7;        .9;       8.3;
      4592;1961-1990;        42;      -2.1;       -.5;       3.4;       7.6;      12.3;      15.6;      17.1;      16.4;      13.1;       7.9;       2.6;       -.6;       7.7;
      4593;1961-1990;        46;        .2;        .7;       3.9;       7.8;      12.8;        16;      17.5;      17.1;      13.8;       9.5;       4.7;       1.4;       8.8;
      4597;1961-1990;        51;      -2.1;       -.9;       2.1;       6.1;      10.8;      13.8;      15.9;      15.2;      12.5;       8.1;       2.8;      -1.1;         7;
      4605;1961-1990;        44;       -.6;        .1;       3.1;       6.9;      11.6;      14.9;      16.5;      15.8;      12.7;       8.4;       3.7;        .5;       7.8;
      4606;1961-1990;        42;       -.7;        .3;         4;       8.4;      13.8;      17.2;      18.8;      18.2;      14.3;       9.7;       4.6;        .9;       9.1;
      4612;1961-1990;        46;      -1.5;       -.8;       2.5;       6.4;      11.3;      14.6;      16.2;      15.8;      12.6;       8.4;       3.3;       -.1;       7.4;
      4621;1961-1990;        42;       -.5;        .8;       4.3;       8.5;      13.2;      16.3;      17.9;      17.3;      13.8;       9.1;       3.9;        .8;       8.8;
      4625;1961-1990;        51;       -.4;        .3;       3.2;       7.1;      12.2;      15.5;      16.8;      16.7;      13.5;       9.4;       4.6;       1.3;       8.4;
      4629;1961-1990;        42;       -.1;        .3;       2.6;       5.9;      10.8;      14.2;      15.6;      15.5;      12.8;       9.2;       4.7;       1.5;       7.8;
      4642;1961-1990;        42;       -.5;        .3;       3.5;       7.4;      12.5;      15.9;      17.3;        17;      13.6;       9.2;       4.4;       1.1;       8.5;
      4649;1961-1990;        46;       1.2;         2;       4.7;       8.1;      12.5;      15.4;        17;      16.5;      13.6;       9.8;       5.1;       2.3;         9;
      4651;1961-1990;        51;         0;        .6;       3.5;       7.2;        12;        15;      16.4;      16.2;      13.2;       9.2;       4.3;       1.3;       8.3;
      4656;1961-1990;        42;       -.1;        .5;       3.1;       6.7;      11.5;      15.1;      16.3;      16.2;      13.1;       9.2;       4.7;       1.4;       8.1;
      4664;1961-1990;        42;        -3;      -1.9;       1.6;       5.6;      10.5;      13.8;      15.1;      14.7;      11.4;       6.9;       1.7;      -1.6;       6.2;
      4692;1961-1990;        51;        .5;       1.1;         4;       7.6;      12.3;      15.3;        17;      16.3;      13.1;         9;       4.4;       1.4;       8.5;
      4702;1961-1990;        46;      -1.8;       -.4;       2.8;       6.7;      11.2;      14.4;      16.5;      15.7;      12.7;         8;       2.6;       -.7;       7.3;
      4703;1961-1990;        42;      -2.2;       -.8;       2.7;       6.8;      11.3;      14.4;      16.6;      15.8;      12.8;       7.8;       2.3;      -1.1;       7.2;
      4704;1961-1990;        46;        -1;        .4;       3.7;       7.7;      12.3;      15.6;      17.8;      16.9;      13.9;         9;       3.6;         0;       8.3;
      4705;1961-1990;        46;      -3.7;      -2.6;        .8;       5.1;        10;      13.2;      14.8;      14.4;      11.5;       6.9;       1.1;      -2.3;       5.8;
      4706;1961-1990;        42;      -2.1;       -.2;       3.7;       8.1;      12.5;      15.6;      17.5;      16.7;      13.4;       8.5;       3.1;       -.5;         8;
      4709;1961-1990;        42;       -.6;        .4;       3.4;       6.7;        11;      13.9;      15.8;      15.6;      12.6;       8.6;       3.5;        .5;       7.6;
      4719;1961-1990;        46;        .7;         2;       5.3;       9.2;      13.6;      16.7;      18.6;        18;      14.6;       9.9;       4.9;       1.7;       9.6;
      4729;1961-1990;        46;       -.9;         0;       3.3;       7.2;      11.7;      14.9;      16.6;      16.1;      12.9;       8.5;       3.3;        .3;       7.8;
      4741;1961-1990;        51;       1.2;         2;       4.7;       8.2;      12.6;      15.5;      17.1;      16.7;      13.7;        10;       5.1;       2.3;       9.1;
      4745;1961-1990;        51;       -.1;        .6;       3.3;         7;        12;      15.1;      16.3;        16;      12.8;         9;       4.4;       1.3;       8.2;
      4748;1961-1990;        44;       -.8;        .2;       3.7;       7.6;      12.6;      15.8;      17.3;      16.8;      13.4;         9;       4.1;        .8;       8.4;
      4752;1961-1990;        51;      -3.1;        -2;       1.3;       5.5;      10.4;      13.5;      15.3;        15;      11.8;       7.4;       1.5;      -1.7;       6.2;
      4763;1961-1990;        51;       -.7;         0;       3.1;         7;      11.5;      14.7;      16.2;      15.6;      12.4;       8.4;       3.6;        .6;       7.7;
      4765;1961-1990;        42;        .3;        .9;       4.2;         8;      12.8;        16;      17.3;      16.8;      13.6;       9.5;       4.6;       1.6;       8.8;
      4775;1961-1990;        42;      -2.4;        -1;       2.1;       6.5;      11.6;      14.8;      16.5;      15.5;      11.8;       7.2;       2.4;       -.9;         7;
      4782;1961-1990;        42;       -.2;        .4;       4.1;       7.8;      13.4;      16.5;      18.2;      17.7;      13.8;       9.4;       4.4;       1.3;       8.9;
      4813;1961-1990;        46;      -1.7;       -.5;       2.9;       7.1;      11.9;        15;      16.7;        16;      12.8;       8.1;         3;       -.3;       7.6;
      4818;1961-1990;        42;      -2.7;      -1.8;       1.6;       5.3;      10.8;      13.7;      15.3;      14.7;      11.4;       7.2;       1.7;      -1.1;       6.3;
      4837;1961-1990;        42;        .6;       1.7;       4.8;       8.4;      12.4;      15.8;      17.8;      17.2;      14.1;      12.1;       4.6;       1.7;       9.3;
      4841;1961-1990;        46;        .7;       1.2;       3.8;       7.2;        12;      15.2;      16.5;      16.4;      13.6;       9.8;       5.2;         2;       8.6;
      4847;1961-1990;        42;      -1.7;      -1.2;       1.8;       5.6;      10.2;      13.3;      14.8;      14.8;      11.7;       7.8;       2.4;       -.7;       6.6;
      4857;1961-1990;        46;        .6;       1.2;       3.8;       7.5;      12.3;      15.5;      16.7;      16.4;      13.3;       9.5;         5;       1.9;       8.6;
      4878;1961-1990;        42;        -2;      -1.5;       1.3;       5.4;      10.3;      13.7;      15.1;      14.7;      11.3;       7.4;       2.4;       -.7;       6.4;
      4881;1961-1990;        42;      -1.4;       -.1;       3.4;       7.3;      11.9;      15.2;        17;      16.1;      13.1;       8.2;       3.1;       -.3;       7.8;
      4887;1961-1990;        42;      -2.1;      -1.1;       2.2;         6;      10.4;      13.5;      15.6;      15.3;      12.5;       7.9;       2.3;        -1;       6.8;
      4896;1961-1990;        42;        .3;        .5;       2.5;       5.8;      10.5;      14.2;      15.5;      15.7;      12.9;       9.4;         5;       1.8;       7.8;
      4911;1961-1990;        42;      -2.7;       -.3;       3.9;       8.5;      13.3;      16.5;      18.1;      17.5;      13.9;       8.4;       3.2;       -.5;       8.3;
      4926;1961-1990;        42;       1.6;         3;       6.3;      10.1;      14.5;      17.7;      19.9;      19.1;      15.8;      11.1;       5.8;       2.7;      10.6;
      4927;1961-1990;        42;       1.4;       2.6;       5.8;       9.5;      13.9;        17;      19.1;      18.5;      15.2;      10.6;       5.5;       2.4;      10.1;
      4928;1961-1990;        51;        .6;       1.9;       5.3;         9;      13.3;      16.4;      18.4;      17.9;      14.6;       9.9;       4.7;       1.6;       9.5;
      4931;1961-1990;        51;       -.2;         1;       4.5;       8.2;      12.6;      15.7;      17.8;      17.1;      13.9;       9.1;       3.8;        .8;       8.7;
      4933;1961-1990;        42;       -.3;         1;       4.4;       8.2;      12.5;      15.7;      17.7;      17.1;        14;       9.3;       3.9;        .8;       8.7;
      4939;1961-1990;        46;        .2;        .5;       3.6;       7.5;      12.4;      15.7;      17.2;      16.7;      13.5;       9.5;       4.7;       1.5;       8.6;
      4977;1961-1990;        46;       -.3;        .4;       3.7;       7.8;        13;      16.4;      17.7;      17.3;      13.7;       9.4;       4.5;       1.3;       8.8;
      4978;1961-1990;        46;      -1.4;       -.5;       2.8;       6.8;      11.5;      14.6;      16.3;      15.8;      12.6;       8.2;       3.1;       -.1;       7.5;
      4987;1961-1990;        42;       -.3;        .9;       4.4;       8.2;      12.7;        16;      17.7;        17;      13.5;       8.4;       3.9;       1.1;       8.6;
      4996;1961-1990;        42;       -.5;         0;       2.6;         6;      10.5;      13.3;      15.5;      14.9;      12.7;       8.8;       3.9;        .5;       7.4;
      4997;1961-1990;        46;       -.5;        .4;       3.9;       7.9;      12.8;      16.1;      17.8;      17.4;        14;       9.5;       4.4;         1;       8.7;
      5009;1961-1990;        51;       -.8;       -.1;       2.7;       6.7;      11.9;      15.3;      16.7;      16.6;      13.3;       9.2;       4.3;        .9;         8;
      5014;1961-1990;        51;        .6;       1.1;       3.6;         7;        12;        15;      16.3;      15.9;      12.9;       9.1;       4.7;       1.7;       8.3;
      5017;1961-1990;        51;      -2.9;      -1.9;       1.3;       5.5;      10.8;      13.6;      15.3;      14.7;      11.5;         7;       1.7;      -1.7;       6.2;
      5024;1961-1990;        42;       -.2;        .5;       3.8;       7.8;        13;      16.6;        18;      17.3;      13.7;       9.5;       4.7;       1.2;       8.8;
      5029;1961-1990;        42;       -.2;         1;         4;       7.8;      12.1;      15.1;      17.1;      16.8;      13.6;       9.1;       3.8;        .8;       8.4;
      5032;1961-1990;        42;        .1;       1.3;       4.8;       8.9;      13.6;      16.9;      18.6;      17.9;      14.3;       9.4;       4.5;       1.5;       9.3;
      5039;1961-1990;        46;       -.4;        .4;       3.7;       7.5;      12.3;      15.4;      17.1;      16.5;      13.3;       8.9;       4.1;        .9;       8.3;
      5046;1961-1990;        42;      -2.7;      -1.3;       2.2;       6.4;      11.4;      14.6;      16.1;      15.5;      12.2;       7.6;       2.2;      -1.2;       6.9;
      5047;1961-1990;        51;      -3.1;        -2;        .6;       4.3;       8.9;      12.2;      14.3;      13.3;      10.6;       6.3;         1;      -2.2;       5.3;
      5049;1961-1990;        51;        -3;      -1.9;        .4;       3.9;       8.5;        12;      14.2;      13.4;      10.5;       6.4;       1.3;        -2;       5.3;
      5059;1961-1990;        42;      -1.8;       -.7;       1.4;       4.7;       9.3;      12.6;      14.6;      13.9;      11.2;       7.1;       2.4;       -.8;       6.2;
      5063;1961-1990;        42;      -1.6;       -.6;       2.5;       6.4;      11.1;        14;      16.2;      15.6;      12.5;       7.8;       2.9;       -.8;       7.2;
      5064;1961-1990;        42;       2.3;         3;       5.7;         9;      13.4;      16.3;      17.8;      17.6;      14.6;      10.9;       6.1;       3.3;        10;
      5067;1961-1990;        42;      -1.8;      -1.1;       1.6;       5.2;       9.8;      12.7;      14.2;      14.1;      11.3;       7.6;       2.3;       -.7;       6.3;
      5068;1961-1990;        42;       -.7;        .1;       3.6;       7.9;      12.9;      16.4;        18;      17.5;      13.9;       9.4;       4.6;         1;       8.7;
      5074;1961-1990;        46;      -1.7;       -.5;       2.9;       6.9;      11.6;      14.7;      16.7;      16.1;      13.1;       8.5;         3;       -.7;       7.5;
      5075;1961-1990;        42;      -1.6;       -.6;       3.1;       6.7;      11.7;      14.7;      16.8;      16.1;      13.1;       8.5;         3;       -.4;       7.6;
      5078;1961-1990;        51;        .3;        .8;       3.4;       6.8;      11.5;      15.2;      16.6;      16.5;      13.6;       9.7;       5.1;         2;       8.5;
      5088;1961-1990;        46;         0;        .3;       2.5;       5.8;      10.7;      14.8;      16.6;      16.7;      13.7;       9.8;       5.2;       1.8;       8.1;
      5094;1961-1990;        51;      -1.1;       -.2;       2.3;       5.9;      10.4;      13.6;      15.6;      14.9;        12;       7.8;       2.8;       -.2;         7;
      5095;1961-1990;        42;        -1;       -.1;       2.3;       5.9;      10.4;      13.6;      15.7;        15;      12.2;         8;         3;        .1;       7.1;
      5097;1961-1990;        46;       -.5;         0;       2.8;       6.6;      11.7;      15.3;      16.8;      16.6;      13.3;       9.4;       4.5;       1.3;       8.2;
      5099;1961-1990;        51;       1.7;       2.7;       5.7;       9.1;      13.5;      16.6;      18.5;      17.7;      14.5;      10.3;       5.4;       2.7;       9.9;
      5100;1961-1990;        51;        .9;         2;         5;       8.5;      12.7;      15.9;      17.7;      17.2;        14;       9.8;       4.6;       1.9;       9.2;
      5105;1961-1990;        42;      -2.7;      -1.7;         1;       5.1;       9.6;      12.8;      14.6;      13.8;      10.4;       6.3;       1.6;      -1.6;       5.8;
      5107;1961-1990;        46;      -2.3;      -1.3;       1.6;       5.3;       9.8;      12.9;        15;      14.3;      11.3;         7;       1.9;      -1.2;       6.2;
      5109;1961-1990;        46;      -1.1;       -.3;       2.6;       6.8;        12;      15.5;      16.8;      16.6;      13.2;         9;       4.1;        .7;         8;
      5111;1961-1990;        51;      -1.9;       -.3;       3.5;       7.7;      12.5;      15.4;      17.4;      16.6;      13.6;       8.5;         3;       -.6;         8;
      5120;1961-1990;        42;       -.3;       1.3;       4.6;       8.4;      12.9;      16.1;      18.1;      17.3;        14;       9.4;         4;        .7;       8.9;
      5127;1961-1990;        46;      -1.6;       -.5;       2.4;         6;      10.4;      13.6;      15.9;      15.1;      12.4;       7.9;       2.5;       -.5;         7;
      5128;1961-1990;        42;      -2.4;       -.9;       2.1;       5.8;      10.4;      13.6;      15.6;      14.7;      11.8;       7.4;         2;      -1.3;       6.6;
      5133;1961-1990;        46;       -.2;        .4;       3.3;         7;      11.6;      14.8;      16.3;      15.9;      12.8;       8.7;         4;        .9;         8;
      5138;1961-1990;        42;       -.4;        .8;       4.3;       8.3;      12.6;      15.9;        18;      17.2;      14.3;       9.3;       3.9;        .6;       8.7;
      5142;1961-1990;        51;       -.7;         0;       2.8;       6.7;        12;      15.6;        17;      16.8;      13.5;       9.3;       4.6;       1.1;       8.2;
      5146;1961-1990;        51;        .1;        .7;       3.6;       7.4;      12.3;      15.5;      16.7;      16.5;      13.2;       9.3;       4.7;       1.6;       8.5;
      5149;1961-1990;        51;       -.8;        .4;       4.1;       8.1;      12.5;      15.6;      17.4;      16.9;      13.7;       8.9;       3.8;        .5;       8.4;
      5155;1961-1990;        51;      -1.6;       -.2;       3.5;       7.7;      12.2;      15.2;      17.3;      16.4;      13.4;       8.4;       2.9;       -.5;       7.9;
      5158;1961-1990;        42;       -.3;        .2;       3.2;       7.1;        12;      15.1;      16.8;      16.7;      13.4;       9.2;       4.4;       1.1;       8.2;
      5165;1961-1990;        51;       -.3;        .4;         3;       6.8;        12;      15.2;      16.5;      16.1;      12.7;       8.8;       4.2;       1.1;       8.1;
      5185;1961-1990;        42;      -1.2;        .1;       3.5;       7.9;      12.8;      16.1;      17.6;      16.8;      13.2;       8.4;       3.4;        .1;       8.2;
      5229;1961-1990;        51;      -2.2;        -1;       2.3;       6.1;      10.8;      14.3;      16.3;      15.3;        12;       7.5;       2.3;      -1.1;       6.9;
      5236;1961-1990;        42;        .9;       1.5;       4.2;       7.6;      12.4;      15.4;      16.8;      16.6;      13.6;       9.7;       5.1;       2.1;       8.8;
      5244;1961-1990;        42;       1.6;       2.7;       5.6;       9.1;      13.4;      16.6;      18.6;      17.8;      14.6;      10.2;       5.3;       2.5;       9.8;
      5245;1961-1990;        42;       1.7;         3;       6.1;      10.2;      14.6;      17.6;      19.8;      19.1;      15.4;      10.7;       5.5;       2.6;      10.5;
      5250;1961-1990;        51;       1.1;       2.6;         6;       9.8;      14.1;      17.3;      19.3;      18.4;      15.3;      10.4;       5.3;       2.1;      10.1;
      5252;1961-1990;        46;        .5;       1.1;         4;       7.8;      12.5;      15.5;      16.9;      16.7;      13.5;       9.6;       4.8;       1.7;       8.7;
      5267;1961-1990;        46;         0;        .6;       3.8;       7.8;      12.8;        16;      17.3;      17.1;      13.6;       9.4;       4.6;       1.4;       8.7;
      5275;1961-1990;        42;       1.4;       2.7;       6.1;      10.1;      14.5;      17.8;      19.5;      18.8;      15.3;      10.4;       5.4;       2.2;      10.4;
      5277;1961-1990;        46;       -.8;         0;       3.3;         7;      11.6;      14.8;      16.4;        16;      12.8;       8.5;       3.4;        .4;       7.8;
      5279;1961-1990;        42;        .4;        .8;       4.1;       8.1;      12.9;        16;      17.1;      16.3;      13.1;         9;       4.7;       1.5;       8.7;
      5280;1961-1990;        42;         0;        .5;       3.1;       6.8;      11.7;      15.2;      16.4;      16.2;        13;       9.3;       4.7;       1.4;       8.2;
      5282;1961-1990;        42;        -1;        .1;       3.5;       7.7;      12.8;      16.1;      17.7;      17.4;        14;       9.6;       4.2;        .6;       8.6;
      5284;1961-1990;        42;        .6;       1.8;       5.1;         9;      13.2;      16.4;      18.2;      17.4;      14.2;       9.7;       4.7;       1.7;       9.3;
      5289;1961-1990;        42;      -1.2;       -.3;       2.3;       6.1;      10.7;      14.2;      16.2;      15.2;      12.3;       7.7;       2.6;       -.5;       7.1;
      5291;1961-1990;        46;      -2.4;      -1.8;        .5;       3.9;       8.4;      11.7;      13.9;      13.3;      10.7;       6.7;       1.5;      -1.4;       5.4;
      5296;1961-1990;        42;       -.9;       -.1;         3;       7.1;      11.6;      14.7;      16.4;      16.2;      12.9;       8.4;       3.3;        .2;       7.7;
      5300;1961-1990;        51;       -.5;        .5;       3.5;       7.2;      11.6;      14.6;      16.2;      16.1;      13.2;         9;       3.6;        .7;         8;
      5306;1961-1990;        42;      -3.1;      -2.1;        .7;       4.5;       9.5;      12.5;      14.1;      13.8;        11;       7.1;       1.4;        -2;       5.6;
      5317;1961-1990;        46;      -2.7;      -1.5;       1.9;       6.1;        11;      14.3;      15.8;      15.2;      12.1;       7.4;       2.1;      -1.2;       6.7;
      5320;1961-1990;        51;       -.1;       1.5;       4.7;       8.7;        13;      16.2;      18.3;      17.4;      14.4;       9.6;       4.3;         1;       9.1;
      5335;1961-1990;        51;        -1;       -.3;         3;       6.9;      11.8;      15.2;      16.9;      16.3;      13.2;       8.7;       3.6;        .4;       7.9;
      5344;1961-1990;        51;       1.5;       1.7;       3.9;       6.8;      11.2;      14.4;      16.2;      16.6;      14.1;      10.5;       6.1;         3;       8.9;
      5347;1961-1990;        42;        .5;       1.2;       4.1;       7.4;      11.9;      15.3;        17;      16.9;      13.7;       9.6;       4.7;       1.7;       8.7;
      5349;1961-1990;        51;        -1;       -.3;       2.6;       6.9;      12.3;      15.7;        17;      16.8;      13.4;       9.2;       4.3;        .7;       8.1;
      5361;1961-1990;        51;       -.4;        .4;       3.8;       7.5;      12.1;      15.6;      17.1;      16.5;        13;       8.7;       3.9;        .9;       8.3;
      5369;1961-1990;        51;      -1.8;       -.1;       3.6;       7.8;      12.5;      15.5;      17.3;      16.5;      13.4;       8.5;       3.1;       -.7;         8;
      5371;1961-1990;        51;      -3.1;      -2.7;       -.2;       3.6;       8.4;      11.5;      13.2;      13.2;      10.1;       6.3;        .9;        -2;       4.9;
      5377;1961-1990;        46;        -6;      -5.5;      -3.2;       -.2;       4.5;       7.3;       9.4;       9.2;       7.1;       3.8;      -1.6;      -4.8;       1.7;
      5397;1961-1990;        51;      -2.2;       -.8;         3;       7.3;      12.1;      15.3;      16.9;      16.4;      12.8;       7.9;       2.6;       -.8;       7.6;
      5398;1961-1990;        42;      -1.9;       -.5;       3.1;       7.4;      12.1;      15.2;      16.9;      16.4;      13.1;       8.2;         3;       -.5;       7.7;
      5403;1961-1990;        46;       -.6;        .6;       4.1;       8.2;      12.7;      15.8;      17.6;      17.1;      13.8;         9;       3.9;        .6;       8.6;
      5404;1961-1990;        51;      -2.2;       -.7;       2.9;       7.1;      11.8;      14.9;      16.5;      15.9;      12.8;       7.9;       2.8;       -.8;       7.4;
      5410;1961-1990;        51;        .1;       1.1;       4.5;       8.4;        13;      16.3;      17.9;      17.3;      13.7;       9.2;       4.2;       1.3;         9;
      5419;1961-1990;        44;       -.6;        .1;       3.7;       7.6;      12.5;      15.7;      17.2;      16.8;      13.6;       8.9;         4;       1.2;       8.4;
      5424;1961-1990;        51;       -.6;        .1;       3.5;       7.6;      12.4;      15.7;      17.3;        17;      13.8;       9.3;         4;        .7;       8.4;
      5426;1961-1990;        42;       -.9;        .2;       3.4;       7.1;      11.5;      14.6;      16.6;      16.2;      13.3;       8.9;       3.2;        .1;       7.8;
      5429;1961-1990;        42;        .6;         2;       5.4;       9.2;      13.6;      16.8;      18.7;        18;      14.7;        10;       4.9;       1.7;       9.6;
      5431;1961-1990;        42;       -.6;        .3;       3.3;       7.3;      12.4;      15.9;      17.2;      16.7;      13.1;       8.9;       4.4;       1.1;       8.3;
      5433;1961-1990;        51;        .2;       1.3;       4.4;       8.1;      12.4;      15.3;      17.2;      16.8;      13.7;       9.6;       4.5;       1.2;       8.7;
      5434;1961-1990;        51;      -1.6;       -.4;         3;         7;      11.8;      14.9;      16.5;      15.8;      12.6;         8;       3.1;       -.1;       7.6;
      5435;1961-1990;        42;       -.2;        .9;       4.1;       7.8;      12.3;      15.3;      17.5;      16.8;        14;       9.3;       4.2;        .9;       8.6;
      5440;1961-1990;        51;      -1.5;       -.3;       3.4;       7.4;      12.1;      15.2;        17;      16.5;      13.3;       8.5;       3.3;       -.3;       7.9;
      5442;1961-1990;        42;        .3;         1;       4.5;       8.7;      13.6;        17;      18.6;      18.1;      14.6;      10.1;       5.1;       1.7;       9.4;
      5445;1961-1990;        46;       -.3;        .4;       3.8;         8;      12.9;      16.1;      17.7;      17.3;      13.9;       9.4;       4.2;         1;       8.7;
      5453;1961-1990;        46;       1.2;       2.7;       6.1;       9.8;      14.1;      17.3;      19.3;      18.6;      15.5;      10.5;       5.4;       2.1;      10.2;
      5460;1961-1990;        46;      -1.4;       -.2;       2.8;       6.5;        11;      14.3;      16.4;      15.7;      12.7;       8.3;       2.9;       -.4;       7.4;
      5463;1961-1990;        46;       -.9;        .2;       3.7;       8.1;      13.3;      16.7;      18.2;      17.7;        14;       9.4;       4.4;        .8;       8.8;
      5467;1961-1990;        51;      -4.8;        -5;      -3.3;       -.5;       4.1;       6.9;       9.3;       9.2;       7.3;       4.7;       -.9;      -3.5;       1.9;
      5480;1961-1990;        42;       2.5;       2.3;       5.2;       7.7;      12.6;      15.8;      17.7;      17.6;      14.5;      10.9;       6.1;         3;       9.7;
      5488;1961-1990;        42;      -1.3;        .1;       3.8;         8;      12.3;      15.9;      17.3;      16.9;      13.3;       8.3;       3.7;        .2;       8.2;
      5490;1961-1990;        51;       -.1;        .2;       3.3;       7.3;      12.3;      15.5;      17.2;        17;      13.8;       9.5;       4.6;       1.3;       8.5;
      5498;1961-1990;        51;         0;         1;       4.5;       8.5;      12.8;      16.3;        18;      17.4;      13.8;       9.1;       4.4;       1.2;         9;
      5514;1961-1990;        46;         1;        .9;       2.9;       6.2;        11;      14.4;      15.9;      16.3;      13.8;      10.3;       5.9;       2.7;       8.5;
      5516;1961-1990;        42;        .5;        .5;       2.5;       5.8;      10.6;      14.8;      16.6;      16.6;      13.9;      10.1;       5.6;       2.3;       8.3;
      5538;1961-1990;        46;       -.9;        .1;       3.5;       7.4;        12;      15.1;      17.3;      16.5;      13.6;       8.9;       3.6;        .1;       8.1;
      5540;1961-1990;        51;       1.3;       2.5;       5.7;       9.6;      14.1;      17.5;      19.1;      18.5;      14.9;      10.2;       5.2;       2.3;      10.1;
      5541;1961-1990;        46;        .3;       1.4;       4.7;       8.5;      12.9;        16;      17.6;      17.3;      13.9;       9.4;       4.3;       1.4;         9;
      5543;1961-1990;        42;       -.1;       1.2;       4.3;       8.3;      12.4;      15.7;      17.3;      16.7;      13.6;       8.9;         4;        .9;       8.6;
      5546;1961-1990;        42;      -1.2;       -.1;         3;       7.3;      12.6;      15.9;      17.2;      17.1;      13.5;         9;       3.8;        .3;       8.2;
      5559;1961-1990;        51;       -.3;        .6;       3.3;       6.7;      11.1;      14.3;      16.1;      15.3;      12.3;       8.2;       3.4;        .6;       7.6;
      5560;1961-1990;        51;       -.9;       -.2;       2.4;       5.9;      10.2;      13.3;      15.5;      15.1;      12.6;       8.4;       3.1;        .1;       7.1;
      5562;1961-1990;        46;       -.8;        .1;         3;       6.5;        11;      14.2;      16.2;      15.5;      12.6;       8.3;       3.2;        .3;       7.5;
      5568;1961-1990;        42;       -.3;        .4;       3.5;       7.3;      11.8;        15;      16.7;      16.2;      13.1;       8.9;       3.8;        .9;       8.1;
      5575;1961-1990;        51;       1.2;       1.6;         4;       7.1;      11.7;      14.8;      16.3;      16.3;      13.7;      10.1;       5.6;       2.6;       8.8;
      5582;1961-1990;        51;      -1.2;       -.9;       1.5;       4.8;       9.6;      12.8;      14.3;        14;      11.3;       7.7;       2.8;         0;       6.4;
      5583;1961-1990;        42;      -1.6;      -1.1;       1.3;       4.8;       9.5;      12.6;      14.3;      13.9;      11.3;       7.4;       2.4;       -.4;       6.2;
      5609;1961-1990;        46;        .2;       1.5;         5;       8.8;      13.2;      16.4;      18.3;      17.6;      14.3;       9.6;       4.5;       1.3;       9.2;
      5610;1961-1990;        42;      -1.9;      -1.4;       1.1;       4.7;       9.3;      12.3;      13.9;      13.8;        11;       7.1;       2.1;       -.9;       5.9;
      5624;1961-1990;        46;        .1;        .6;       3.2;       6.7;      11.6;      15.2;      16.6;      16.5;      13.6;       9.6;         5;       1.7;       8.4;
      5629;1961-1990;        51;       -.7;        .3;       3.7;       8.1;      13.3;      16.5;        18;      17.6;      14.1;       9.5;       4.3;        .8;       8.8;
      5640;1961-1990;        46;       1.2;       1.5;       3.8;         7;      11.6;      14.7;      16.2;      16.2;      13.6;        10;       5.5;       2.5;       8.6;
      5642;1961-1990;        46;       -.8;       -.1;       3.1;       7.2;      12.5;      15.9;      17.2;      16.9;      13.4;       9.1;       4.2;        .9;       8.3;
      5643;1961-1990;        46;       -.8;         0;       3.1;       7.3;      12.6;        16;      17.3;      16.9;      13.4;       9.1;       4.3;        .9;       8.3;
      5644;1961-1990;        51;        .5;       1.1;       4.1;       7.7;      12.2;      15.5;      16.9;      16.5;      13.6;       9.5;       4.8;       1.7;       8.7;
      5654;1961-1990;        51;        -2;       -.8;       2.9;       7.2;      12.1;      15.4;      17.4;      16.8;      13.1;       8.1;       2.6;       -.8;       7.7;
      5663;1961-1990;        42;      -1.6;       -.8;       2.2;       6.5;      11.7;      15.1;      16.5;      16.3;      12.7;       8.4;       3.6;        .1;       7.6;
      5664;1961-1990;        51;        .7;         2;       4.5;       7.9;      12.3;      15.5;      17.4;      16.6;      13.6;       9.6;       4.6;       1.5;       8.8;
      5675;1961-1990;        46;        .5;       1.2;       4.3;       8.3;      13.3;      16.5;      17.7;      17.5;      14.1;       9.9;       5.2;       1.9;       9.2;
      5676;1961-1990;        42;        .6;       1.2;       4.2;       8.4;      13.3;      16.5;      17.8;      17.5;      14.1;        10;       5.2;         2;       9.2;
      5681;1961-1990;        42;        .8;       1.7;       4.8;       8.3;      12.5;      15.9;      17.7;      16.9;      13.7;       9.3;       4.6;       1.9;         9;
      5688;1961-1990;        46;      -2.3;      -1.3;       1.2;       4.8;       9.3;      12.6;      14.7;        14;      11.3;       7.1;       1.8;      -1.3;         6;
      5692;1961-1990;        51;         1;       2.3;       5.7;       9.6;      14.1;      17.3;      19.1;      18.5;      14.9;      10.1;       4.9;         2;        10;
      5703;1961-1990;        42;        .2;       1.4;         5;         9;      13.6;      16.9;      18.6;        18;      14.5;       9.6;       4.6;       1.5;       9.4;
      5705;1961-1990;        51;       -.4;        .9;       4.6;       8.7;      13.3;      16.5;      18.3;      17.8;      14.3;       9.4;       4.1;        .9;         9;
      5707;1961-1990;        46;        .1;       1.3;       4.9;       8.9;      13.5;      16.8;      18.5;      17.9;      14.4;       9.6;       4.5;       1.4;       9.3;
      5715;1961-1990;        46;        .8;       1.3;       4.2;         8;      12.8;      15.8;      17.2;        17;      13.7;       9.8;         5;       2.1;         9;
      5717;1961-1990;        51;       1.8;       2.4;         5;       8.3;      12.7;      15.5;      17.1;      16.6;      13.6;      10.2;       5.6;       2.9;       9.4;
      5719;1961-1990;        46;       1.3;       1.9;       4.5;       7.8;      12.2;      15.2;      16.7;      16.3;      13.4;       9.8;         5;       2.2;       8.9;
      5728;1961-1990;        46;       -.8;         0;       3.2;       7.5;      12.8;      16.2;      17.4;      16.9;      13.2;         9;       4.2;        .8;       8.4;
      5731;1961-1990;        51;       -.7;        .8;       4.5;       8.4;      12.6;      16.3;      18.3;      17.5;      14.1;       9.2;       3.8;        .4;       8.7;
      5732;1961-1990;        42;       1.1;        .9;         3;       6.4;        11;      14.4;      15.8;      16.1;      13.8;      10.3;       5.7;       2.4;       8.4;
      5745;1961-1990;        51;      -1.3;       -.4;       2.9;       7.3;      12.8;        16;      17.3;      16.8;      13.1;       8.6;       3.9;        .5;       8.1;
      5750;1961-1990;        51;       -.2;        .5;       3.9;       8.1;        13;      16.4;        18;      17.5;      14.3;       9.8;       4.6;       1.1;       8.9;
      5761;1961-1990;        46;       -.3;        .6;         4;       8.2;      13.4;      16.8;      18.2;      17.6;      13.9;       9.5;       4.6;       1.2;         9;
      5778;1961-1990;        46;       -.6;         0;       2.7;       6.5;      11.6;      15.4;      16.9;      16.7;      13.5;       9.4;       4.6;       1.2;       8.2;
      5779;1961-1990;        42;      -4.6;      -3.9;        -1;       3.2;       8.5;      11.6;      13.2;      13.1;       9.7;       5.5;         0;      -3.2;       4.3;
      5792;1961-1990;        51;     -11.5;     -11.7;     -10.1;      -7.7;      -3.5;       -.2;         2;       2.1;        .3;      -2.1;      -6.9;       -10;        -5;
      5797;1961-1990;        46;      -1.2;       -.4;       3.1;         7;      11.9;      15.1;      16.8;      16.3;      13.1;       8.7;       3.6;        .2;       7.8;
      5800;1961-1990;        42;      -3.2;      -1.7;       1.9;       6.3;      11.4;      14.5;        16;      15.2;      11.9;       7.2;       1.9;      -1.7;       6.6;
      5802;1961-1990;        51;      -3.4;      -1.9;       1.4;       5.7;      10.7;      13.9;      15.5;      14.8;      11.4;       6.9;       1.6;      -2.1;       6.2;
      5821;1961-1990;        42;        .8;       1.3;         4;       7.6;      12.3;      15.3;      16.6;      16.5;      13.4;       9.5;       4.9;       2.1;       8.7;
      5822;1961-1990;        42;        .7;       1.2;       3.9;       7.5;      12.2;      15.2;      16.5;      16.4;      13.4;       9.5;       4.9;         2;       8.6;
      5825;1961-1990;        51;       -.8;        .3;       3.6;       7.9;      13.2;      16.5;      17.8;      17.3;      13.8;       9.4;       4.5;         1;       8.7;
      5832;1961-1990;        46;         0;        .6;       3.6;       7.4;      12.5;      15.7;        17;      16.7;      13.5;       9.4;       4.7;       1.5;       8.6;
      5839;1961-1990;        42;       1.3;       1.6;       4.1;       7.3;      11.9;        15;      16.5;      16.4;      13.8;      10.1;       5.6;       2.6;       8.9;
      5856;1961-1990;        42;      -3.2;       -.8;       2.8;       7.2;        12;      15.2;      16.7;      16.5;      12.8;       7.7;       2.2;      -1.8;       7.3;
      5871;1961-1990;        42;       -.8;       -.1;         3;       6.5;      10.9;      13.9;      15.7;      15.7;      12.6;       8.1;         3;         0;       7.4;
      5885;1961-1990;        46;         0;       1.3;       4.7;       8.6;        13;      16.2;      18.1;      17.4;      14.1;       9.3;       4.3;         1;         9;
      5890;1961-1990;        51;      -1.5;       -.8;       2.2;       5.8;      10.3;      13.4;      15.7;        15;      12.4;       8.1;       2.8;       -.5;       6.9;
      5898;1961-1990;        42;        .8;         2;       5.4;       9.3;      13.4;      16.5;      18.4;      17.7;      14.4;       9.9;       4.9;       1.8;       9.5;
      5904;1961-1990;        46;        -2;       -.4;       3.4;       7.5;      12.3;      15.4;      17.2;      16.4;      13.1;       8.2;       3.1;       -.5;       7.8;
      5906;1961-1990;        51;       1.3;       2.5;       6.1;        10;      14.5;      17.7;      19.5;      18.9;      15.5;      10.4;       5.3;       2.2;      10.3;
      5912;1961-1990;        51;       -.1;        .7;       3.8;       7.5;      12.1;      15.2;      16.7;      16.1;        13;       8.9;       4.2;       1.2;       8.3;
      5920;1961-1990;        51;       1.5;       2.3;       5.5;       9.1;      13.6;      16.7;      18.4;      17.9;      14.4;      10.1;       5.2;       2.5;       9.8;
      5930;1961-1990;        42;        .5;        .8;         3;       6.4;      11.2;      14.8;      16.1;      16.1;      13.2;       9.6;       5.2;         2;       8.2;
      5941;1961-1990;        51;      -3.8;      -2.1;       1.4;       5.6;      10.5;      13.7;      15.7;        15;        12;       7.3;       1.3;      -3.1;       6.1;
      5971;1961-1990;        46;        -1;        .2;       3.2;       6.9;      11.6;      14.7;      16.6;        16;      12.8;       8.5;       3.3;        .1;       7.8;
      6086;1961-1990;        46;       -.8;        .1;       3.5;       7.9;      13.2;      16.6;      17.9;      17.4;      13.6;       9.3;       4.4;        .9;       8.7;
      6093;1961-1990;        46;        .1;        .8;       3.6;       7.3;      12.3;      15.6;      16.8;      16.6;      13.4;       9.4;       4.8;       1.6;       8.5;
      6095;1961-1990;        46;      -1.1;       -.1;       3.2;       7.3;      12.4;      15.7;      17.3;      16.9;      13.6;       9.2;         4;        .5;       8.2;
      6105;1961-1990;        46;        .3;        .7;       3.2;       6.6;      11.5;        15;      16.3;      16.1;      13.1;       9.4;         5;       1.8;       8.3;
      6109;1961-1990;        46;      -1.1;       -.2;         3;       7.1;      12.4;      15.9;      17.3;        17;      13.4;       9.1;       4.2;        .7;       8.2;
      6110;1961-1990;        46;       -.8;       -.1;       2.7;       6.6;      11.8;      15.5;      16.9;      16.7;      13.4;       9.2;       4.4;         1;       8.1;
      6129;1961-1990;        46;      -1.8;       -.7;       2.8;       7.1;      12.1;      15.4;        17;      16.6;      13.1;       8.8;       3.5;       -.1;       7.8;
      6158;1961-1990;        46;      -1.6;       -.2;       3.2;       7.3;      11.9;      15.2;      16.9;      16.4;        13;       8.2;         3;       -.3;       7.8;
      6159;1961-1990;        51;       1.2;       1.5;       4.2;       7.4;      12.2;        15;      16.3;      16.2;      13.5;       9.8;       5.2;       2.4;       8.8;
      6163;1961-1990;        42;        .1;        .8;       3.3;       6.5;      10.9;      14.6;      16.3;      16.1;      13.1;       9.3;         5;       1.9;       8.2;
      6170;1961-1990;        46;       -.8;        .2;       3.7;       8.1;      13.4;      16.8;      18.3;      17.7;      14.1;       9.5;       4.5;        .8;       8.9;
      6182;1961-1990;        46;      -2.2;       -.5;       3.3;       7.7;      12.4;      15.5;      17.2;      16.6;      13.2;       8.2;         3;       -.7;       7.8;
      6184;1961-1990;        46;       1.2;       1.6;         4;       7.1;      11.7;      14.8;      16.3;      16.3;      13.7;      10.1;       5.6;       2.6;       8.7;
      6186;1961-1990;        46;        .2;       1.1;       4.2;       7.7;      12.3;      15.4;        17;      16.7;      13.5;       9.2;       4.2;       1.2;       8.6;
      6196;1961-1990;        46;      -2.9;      -1.8;       1.6;       5.6;      10.6;      13.9;      15.4;      14.8;      11.6;       7.1;       1.9;      -1.4;       6.4;
      6197;1961-1990;        42;        .1;        .8;       3.7;       7.6;        12;        15;      16.4;        16;      12.9;       9.2;       4.4;       1.2;       8.3;
      6199;1961-1990;        46;       -.5;         0;       2.6;       6.3;      11.3;      15.1;      16.6;      16.5;      13.3;       9.3;       4.6;       1.2;         8;
      6217;1961-1990;        46;       1.4;       2.5;       5.5;       9.2;      13.6;      16.7;      18.7;      17.8;      14.6;      10.2;       5.2;       2.2;       9.8;
      6219;1961-1990;        46;      -1.6;       -.2;       3.5;       7.7;      12.4;      15.7;      17.4;      16.7;      13.2;       8.3;       3.1;       -.3;         8;
      6258;1961-1990;        46;       -.5;        .8;       4.1;         8;      12.7;        16;      18.1;      17.2;      14.1;       9.3;       3.9;        .5;       8.7;
      6259;1961-1990;        46;      -1.2;       -.2;       2.9;       6.6;      11.2;      14.3;      16.2;      15.5;      12.4;       8.1;         3;       -.1;       7.4;
      6260;1961-1990;        46;       -.6;        .5;       3.6;       7.4;      12.1;      15.3;      17.1;      16.4;      13.2;       8.7;       3.6;        .5;       8.2;
      6262;1961-1990;        46;       -.6;        .7;         4;       7.9;      12.3;      15.4;      17.4;      16.8;      13.7;         9;       3.8;        .5;       8.4;
      6263;1961-1990;        46;       -.6;        .9;       4.3;       8.3;      12.7;        16;      18.1;      17.2;      14.1;       9.2;       3.8;        .5;       8.7;
      6264;1961-1990;        46;       -.6;         0;       2.6;       6.2;      10.7;      13.7;      15.3;      15.1;      12.2;       8.4;       3.5;        .6;       7.3;
      6265;1961-1990;        46;       -.4;        .5;       3.9;       8.1;      13.3;      16.7;        18;      17.5;      13.9;       9.5;       4.7;       1.2;       8.9;
      6266;1961-1990;        46;        .2;        .8;         4;       7.9;      12.9;        16;      17.5;      17.1;      13.8;       9.6;       4.8;       1.5;       8.9;
      6272;1961-1990;        46;        -1;       -.1;       3.1;       7.1;        12;        15;      16.7;      16.3;      12.9;       8.6;       3.5;        .3;       7.9;
      6273;1961-1990;        46;       -.2;        .6;       3.9;       7.9;      13.1;      16.4;      17.8;      17.4;      13.8;       9.4;       4.7;       1.3;       8.8;
      6275;1961-1990;        46;       -.2;       1.2;       4.5;       8.4;      12.8;        16;      17.9;      17.3;        14;       9.2;       4.2;        .9;       8.8;
      6304;1961-1990;        46;      -2.6;      -1.3;       2.2;       6.3;      11.2;      14.7;        16;      15.4;      12.3;       7.5;       2.1;      -1.2;       6.9;
      6305;1961-1990;        46;       -.5;        .4;       3.5;       7.4;      12.3;      15.4;      16.9;      16.5;      13.2;         9;       4.1;        .8;       8.2;
      6310;1961-1990;        46;       -.6;         0;       2.7;       6.5;      11.6;      15.3;      16.8;      16.7;      13.5;       9.4;       4.6;       1.2;       8.1;
      6312;1961-1990;        46;      -1.1;        .2;       3.7;       7.8;      12.5;      15.7;      17.5;      16.9;      13.5;       8.6;       3.5;        .3;       8.3;
      6314;1961-1990;        46;       -.9;         0;       3.3;       7.2;      12.3;      15.4;        17;      16.6;      13.3;         9;       4.1;        .6;       8.2;
      6336;1961-1990;        46;       -.9;        .2;       3.5;       7.5;        12;      15.3;        17;      16.3;        13;       8.5;       3.6;        .6;         8;
      6337;1961-1990;        46;       1.8;       2.4;       5.1;       8.5;        13;        16;      17.5;      17.1;      14.1;      10.3;       5.7;         3;       9.5;
      6344;1961-1990;        46;        .5;       1.4;       4.6;       8.3;      12.8;        16;      17.7;      17.1;      13.8;       9.3;       4.5;       1.7;         9;
      6346;1961-1990;        46;      -1.6;       -.2;       3.5;       7.5;      12.1;      15.4;      17.3;      16.7;      13.6;       8.6;       3.1;       -.4;         8;
      6347;1961-1990;        46;       -.9;        .3;       3.8;         8;      12.6;      15.8;      17.4;      16.8;      13.4;       8.7;       3.6;        .4;       8.3;
      7075;1961-1990;        46;      -1.9;       -.3;       3.5;       7.7;      12.4;      15.5;      17.3;      16.6;      13.3;       8.3;         3;       -.4;       7.9;
      7099;1961-1990;        46;        .2;        .6;       3.7;       7.6;      12.3;      15.5;      16.8;      16.7;      13.5;       9.4;       4.6;       1.4;       8.5;
      7105;1961-1990;        46;      -1.7;       -.5;       2.8;         7;      11.6;      14.7;      16.7;        16;      13.2;       8.5;       3.1;       -.6;       7.6;
      7106;1961-1990;        46;         1;       1.6;       4.4;       7.9;      12.6;      15.6;        17;      16.7;      13.6;       9.8;       5.1;       2.2;         9;
      7135;1961-1990;        51;      -1.6;       -.2;       3.4;       7.3;      11.8;      15.2;      17.2;      16.4;      13.3;       8.5;       3.1;       -.6;       7.8;
      7187;1961-1990;        46;        .2;       1.3;       4.7;       8.7;      13.2;      16.4;      18.2;      17.6;      14.2;       9.4;       4.5;       1.4;       9.2;
      7244;1961-1990;        46;      -1.1;       -.3;       2.8;       6.9;      12.4;      15.9;      17.2;      16.6;        13;       8.9;         4;        .7;       8.1;
      7298;1961-1990;        46;        .3;        .7;         3;       6.4;      11.2;      14.7;        16;      15.9;      13.1;       9.4;         5;       1.8;       8.1;
      7319;1961-1990;        46;      -1.5;         0;       3.8;       7.9;      12.4;      15.7;      17.5;      16.8;      13.5;       8.6;       3.2;       -.2;       8.2;
      7321;1961-1990;        46;       -.4;        .5;       3.8;       7.9;      12.9;      16.1;      17.6;      17.2;      13.9;       9.4;       4.4;         1;       8.7;
      7329;1961-1990;        46;      -1.9;        -1;       2.3;       6.3;      11.2;      14.5;      16.1;      15.7;      12.5;       8.1;       2.9;       -.5;       7.2;
      7330;1961-1990;        46;        .9;       1.3;         4;       7.3;      11.9;      14.9;      16.5;        16;        13;       9.4;       4.7;         2;       8.5;
      7331;1961-1990;        46;      -1.7;       -.4;       3.2;       7.3;      11.9;      15.1;      16.9;      16.2;      12.9;       8.2;       2.9;       -.5;       7.7;
      7341;1961-1990;        42;        .6;       1.7;       5.1;       8.8;      13.4;      16.7;      18.6;        18;      14.4;       9.5;       5.1;       1.8;       9.5;
      7350;1961-1990;        46;      -3.7;      -2.3;         1;       5.2;      10.2;      13.5;        15;      14.5;      11.3;       6.5;       1.5;        -2;       5.9;
      7351;1961-1990;        42;      -1.2;       -.5;       2.3;       6.6;      12.1;      15.6;      17.2;      16.9;      13.7;       9.2;       4.3;        .6;       8.1;
      7364;1961-1990;        46;        .5;       1.4;       4.9;         9;      14.1;      17.6;        19;      18.7;      15.1;      10.5;       5.3;       1.9;       9.8;
      7367;1961-1990;        42;        .1;        .6;       3.8;       8.1;      12.7;        16;      17.4;        17;      13.9;       9.5;       4.8;       1.5;       8.8;
      7368;1961-1990;        42;      -1.1;       -.4;       2.8;       6.7;      11.2;      14.4;      15.9;      15.3;      12.3;       8.1;       3.4;        .3;       7.4;
      7369;1961-1990;        42;      -1.9;       -.7;       2.9;       7.1;      11.7;      14.9;      16.8;      16.3;        13;       8.2;       2.8;       -.7;       7.5;
      7370;1961-1990;        42;      -2.2;       -.8;       2.9;       7.1;      11.9;        15;      16.7;      16.2;      12.9;         8;       2.6;       -.8;       7.4;
      7374;1961-1990;        42;       1.7;       2.3;       4.9;       7.9;      12.7;      15.7;        17;      16.7;      13.8;      10.4;       5.7;       2.9;       9.3;
      7389;1961-1990;        46;       -.9;         0;       3.4;       7.8;      13.1;      16.5;      17.8;      17.3;      13.6;       9.2;       4.3;        .8;       8.6;
      7393;1961-1990;        46;       -.7;        .3;       3.9;       8.3;      13.5;      16.9;      18.4;      17.9;      14.2;       9.6;       4.5;        .9;         9;
      7394;1961-1990;        42;      -2.9;      -1.9;       1.5;       5.6;      10.6;      13.8;      15.4;      14.9;      11.7;       7.3;       1.9;      -1.5;       6.4;
      7395;1961-1990;        42;      -2.5;       -.7;       3.4;       7.8;      12.8;      15.5;      17.2;      16.7;      13.3;       8.1;       2.8;       -.8;       7.8;
      7396;1961-1990;        42;      -2.5;      -1.7;        .8;       4.5;       8.9;        12;      13.8;      13.8;      10.9;       6.7;       1.4;      -1.4;       5.6;
      7403;1961-1990;        42;      -2.1;        -1;       2.2;         6;      10.6;        14;      16.1;      15.3;      12.3;       7.8;       2.4;      -1.2;       6.9;
      7410;1961-1990;        46;       -.9;       -.1;       3.2;       6.9;      11.4;      14.7;      16.3;      15.8;      12.6;       8.3;       3.3;        .3;       7.6;
      7412;1961-1990;        42;      -1.3;       -.4;         3;         7;      11.5;      14.6;      16.3;      15.9;      12.7;       8.1;         3;         0;       7.5;
      7419;1961-1990;        46;      -1.6;       -.7;       2.6;       6.7;      11.5;      14.9;      16.4;        16;      12.8;       8.5;       3.2;       -.1;       7.5;
      7420;1961-1990;        46;       -.1;        .7;       4.2;       8.2;      13.1;      16.4;        18;      17.5;      14.1;       9.6;       4.6;       1.3;         9;
      7424;1961-1990;        46;      -1.6;       -.1;       3.7;       7.8;      12.3;      15.3;      17.1;      16.5;      13.6;       8.8;       3.5;       -.6;         8;
      7427;1961-1990;        46;        .2;        .7;       3.4;       6.9;      11.8;      15.3;      16.5;      16.3;      13.1;       9.4;       4.9;       1.6;       8.4;
      7428;1961-1990;        46;      -1.6;       -.5;       2.9;         7;      11.9;        15;      16.6;      16.2;      12.9;       8.2;         3;       -.2;       7.6;
      7431;1961-1990;        46;      -1.7;       -.4;       2.9;       6.9;      11.6;      14.7;      16.7;        16;      13.1;       8.3;         3;       -.6;       7.5;
      7432;1961-1990;        46;        .1;        .7;       3.7;       7.7;      12.7;      15.8;      17.1;      16.8;      13.4;       9.3;       4.7;       1.5;       8.6;
     13670;1961-1990;        46;       2.7;       3.5;         6;       9.5;        14;      16.9;      18.4;      18.2;      15.2;      11.4;       6.6;       3.8;      10.5;
     13674;1961-1990;        42;        .4;       1.7;       5.1;       8.9;      13.3;      16.4;      18.3;      17.7;      14.4;       9.7;       4.6;       1.5;       9.3;
     13675;1961-1990;        46;         1;       1.6;       4.5;       8.2;      12.9;      15.9;      17.3;        17;      13.9;        10;       5.3;       2.3;       9.2;
     13696;1961-1990;        46;       2.1;       2.7;       5.4;       8.8;      13.2;      16.2;      17.9;      17.5;      14.4;      10.7;         6;       3.2;       9.8;
     13700;1961-1990;        46;       1.4;         2;       4.7;         8;      12.4;      15.4;      17.1;      16.6;      13.8;      10.1;       5.2;       2.4;       9.1;
     13710;1961-1990;        46;      -2.1;       -.5;       3.2;       7.5;      12.3;      15.5;      17.2;      16.5;      13.1;       8.3;       2.9;       -.6;       7.8;
     13711;1961-1990;        46;      -1.1;         0;       3.3;       7.5;      12.4;      15.6;      17.2;      16.7;      13.4;       8.8;       3.6;        .3;       8.1;
     13713;1961-1990;        46;        .1;        .9;       3.5;         7;      11.5;      14.4;      16.1;      15.8;      12.8;         9;       4.1;       1.2;         8;
     13776;1961-1990;        46;        .8;       1.2;       4.1;       7.9;      12.7;      15.7;      17.1;      16.8;      13.6;       9.7;       5.1;         2;       8.9;
     13777;1961-1990;        46;        .1;        .8;       3.9;       7.9;      12.8;      16.1;      17.3;        17;      13.7;       9.5;       4.7;       1.4;       8.8;
     14138;1961-1990;        46;        -1;         0;       3.6;         8;      13.2;      16.6;        18;      17.8;        14;       9.4;       4.2;        .6;       8.7;
     14311;1961-1990;        42;       -.9;       -.2;       2.5;       5.8;      10.2;      13.3;        15;      14.7;      11.8;         8;       2.9;        .1;       6.9;
     15000;1961-1990;        42;       2.2;       2.6;       5.1;       8.1;      12.5;      15.4;      17.1;      16.9;      14.2;      10.5;       5.9;       3.2;       9.5;
     15207;1961-1990;        46;       -.6;        .2;       3.2;         7;      11.6;      14.8;      16.4;        16;      12.9;       8.7;       3.6;        .7;       7.9;
     15444;1961-1990;        46;      -1.7;       -.5;       2.9;       6.9;      11.4;      14.6;      16.6;      15.9;      12.7;       8.1;       2.8;       -.7;       7.4;
     15555;1961-1990;        46;      -2.1;        -1;       2.1;       5.7;      10.4;      13.7;      15.8;      15.1;      12.3;       7.7;       2.4;      -1.1;       6.7;
     15926;1961-1990;        46;      -2.2;       -.6;       3.3;       7.6;      12.4;      15.6;      17.2;      16.5;      13.2;         8;       2.8;       -.7;       7.7;
     15951;1961-1990;        46;        .2;       1.2;       4.2;       7.7;        12;      15.2;      16.9;      16.1;      13.2;         9;       3.9;       1.1;       8.4;
     15963;1961-1990;        46;       2.3;         3;       5.7;         9;      13.5;      16.3;      17.9;      17.6;      14.6;      10.9;       6.1;       3.4;        10;
     15965;1961-1990;        42;       -.8;         0;       3.2;       7.2;        12;        15;      16.5;      15.9;      12.6;       8.2;       3.2;        .3;       7.8;
     15979;1961-1990;        46;       -.3;        .6;       3.6;       7.1;      11.4;      14.6;      16.4;        16;      12.9;       8.8;       3.5;        .7;       7.9;
     16085;1961-1990;        46;        .9;       1.5;         4;       7.4;      12.1;      15.3;      16.7;      16.7;        14;      10.1;       5.5;       2.3;       8.9;
     19087;1961-1990;        51;      -3.1;      -1.5;       1.8;       6.3;      11.2;      14.3;      15.8;      15.3;      12.1;       7.6;       1.8;      -1.8;       6.7;
     19171;1961-1990;        46;        .3;        .7;       3.4;       6.9;      11.8;      15.2;      16.4;      16.2;      13.1;       9.5;       4.9;       1.7;       8.3;
     19172;1961-1990;        46;        .3;        .7;       3.3;       6.7;      11.5;      14.9;      16.2;      16.1;      13.2;       9.5;       4.9;       1.8;       8.3;
     19579;1961-1990;        42;      -1.9;       -.9;         2;       5.8;      10.2;      13.5;      15.8;      15.2;      12.3;       7.8;       2.3;       -.8;       6.8;
     19580;1961-1990;        42;       -.4;        .7;       3.6;       7.4;      11.7;      14.7;      16.7;      15.9;      12.9;       8.6;       3.6;        .5;         8;
     19581;1961-1990;        42;      -1.1;       -.5;       2.1;       5.4;        10;      13.4;      15.4;      14.6;      11.8;       7.6;       2.6;       -.2;       6.8;
     19582;1961-1990;        51;      -2.1;      -1.1;       1.9;       5.6;        10;      13.3;      15.5;      14.6;      11.6;       7.2;       1.9;      -1.2;       6.4;
     19607;1961-1990;        46;      -2.8;        -2;       1.2;       5.2;      10.4;      13.6;      15.1;      14.6;      11.5;       7.4;       2.1;      -1.2;       6.3;
     19617;1961-1990;        51;      -1.3;        .1;       3.5;       7.6;      12.4;      15.7;      17.4;      16.7;      13.3;       8.4;       3.4;        .2;       8.1;
     19647;1961-1990;        51;        .5;       1.6;       4.6;       8.3;      12.7;      15.8;      17.4;      16.7;      13.6;       9.4;       4.6;       1.5;       8.9;
     19781;1961-1990;        46;      -1.9;       -.2;       3.6;       7.9;      12.6;      15.6;      17.5;      16.8;      13.5;       8.4;       3.1;       -.5;         8;
